name,datetime,temp,feelslike,dew,humidity,precip,precipprob,preciptype,snow,snowdepth,windgust,windspeed,winddir,sealevelpressure,cloudcover,visibility,solarradiation,solarenergy,uvindex,severerisk,conditions,icon,stations
seattle_wa,2023-02-01T00:00:00,2.8,2.8,-2,71.03,0,0,,0,0,11.2,1.4,31,1022.2,13.2,16,0,,0,10,Clear,clear-night,72793024233
seattle_wa,2023-02-01T01:00:00,1.8,1.8,-2.3,74.39,0,0,,0,0,11.2,1.1,36,1022,14.9,16,0,,0,10,Clear,clear-night,72793024233
seattle_wa,2023-02-01T02:00:00,2.1,0.5,-2.4,71.98,0,0,,0,0,11.2,5.9,115,1022,14.9,16,0,,0,10,Clear,clear-night,72793024233
seattle_wa,2023-02-01T03:00:00,1.4,1.4,-2.9,73.37,0,0,,0,0,11.2,2,72,1022.1,14.9,16,0,,0,10,Clear,clear-night,72793024233
seattle_wa,2023-02-01T04:00:00,0.4,-2.2,-2.9,78.47,0,0,,0,0,9.4,7.8,143,1021.7,18.9,16,0,,0,10,Clear,clear-night,72793024233
seattle_wa,2023-02-01T05:00:00,0.8,-1.7,-2.5,78.54,0,0,,0,0,9.4,7.9,151,1021.6,14.9,16,0,,0,10,Clear,clear-night,72793024233
seattle_wa,2023-02-01T06:00:00,0.4,-2.3,-2.9,78.47,0,0,,0,0,9.4,8.1,159,1021.4,13.2,16,0,,0,10,Clear,clear-night,72793024233
seattle_wa,2023-02-01T07:00:00,0.3,-1.8,-3,78.51,0,0,,0,0,9.4,6.5,136,1021.4,13.2,16,0,,0,10,Clear,clear-night,72793024233
seattle_wa,2023-02-01T08:00:00,-0.2,-0.2,-3.3,79.44,0,0,,0,0,9.4,4.6,136,1021.7,45.1,16,10,0,0,10,Partially cloudy,partly-cloudy-day,72793024233
seattle_wa,2023-02-01T09:00:00,1.3,-0.9,-2.5,75.9,0,0,,0,0,9.4,7,149,1021.8,14.9,16,92,0.3,1,10,Clear,clear-day,72793024233
seattle_wa,2023-02-01T10:00:00,2.9,0.4,-2.9,65.59,0,0,,0,0,13,9.3,154,1021.7,69.9,16,184,0.7,2,10,Partially cloudy,partly-cloudy-day,72793024233
seattle_wa,2023-02-01T11:00:00,5,3.8,-2.9,56.7,0,0,,0,0,13,5.9,127,1021.7,13.2,16,264,1,3,10,Clear,clear-day,72793024233
seattle_wa,2023-02-01T12:00:00,6.5,6.5,-2.9,51.19,0,0,,0,0,13,2,0,1021.3,13.2,16,295,1.1,3,10,Clear,clear-day,72793024233
seattle_wa,2023-02-01T13:00:00,8.5,7.3,-2,47.65,0,0,,0,0,13,7.6,161,1020.9,69.9,16,320,1.2,3,10,Partially cloudy,partly-cloudy-day,72793024233
seattle_wa,2023-02-01T14:00:00,8.2,8.2,-2.2,47.69,0,0,,0,0,13,0,0,1020.8,13.2,16,319,1.1,3,10,Clear,clear-day,72793024233
seattle_wa,2023-02-01T15:00:00,8.8,8.2,-1.9,46.89,0,0,,0,0,13,5.6,131,1020.4,13.2,16,242,0.9,2,10,Clear,clear-day,72793024233
seattle_wa,2023-02-01T16:00:00,8.8,7.8,-2.7,44.25,0,0,,0,0,11.2,7.1,86,1020.6,69.9,16,144,0.5,1,10,Partially cloudy,partly-cloudy-day,72793024233
seattle_wa,2023-02-01T17:00:00,7.8,7.8,-3,46.24,0,0,,0,0,11.2,4.8,123,1020.4,13.2,16,11,0,0,10,Clear,clear-day,72793024233
seattle_wa,2023-02-01T18:00:00,6.5,6.5,-3,50.85,0,0,,0,0,11.2,0,0,1020.5,13.2,16,4,0,0,10,Clear,clear-night,72793024233
seattle_wa,2023-02-01T19:00:00,5.6,5.6,-2.9,54.48,0,0,,0,0,9.4,0,0,1020.4,13.2,16,3,0,0,10,Clear,clear-night,72793024233
seattle_wa,2023-02-01T20:00:00,4.1,4.1,-2.4,62.68,0,0,,0,0,9.4,0,0,1020.5,13.2,16,2,0,0,10,Clear,clear-night,72793024233
seattle_wa,2023-02-01T21:00:00,3.4,3.4,-2.5,65.18,0,0,,0,0,9.4,0,0,1020.5,13.2,16,2,0,0,10,Clear,clear-night,72793024233
seattle_wa,2023-02-01T22:00:00,2.9,2.9,-2.6,67.11,0,0,,0,0,9.4,1.1,36,1020.6,13.2,16,1,0,0,10,Clear,clear-night,72793024233
seattle_wa,2023-02-01T23:00:00,1.4,-0.3,-2.7,74.17,0,0,,0,0,9.4,5.7,154,1021,13.2,16,0,,0,10,Clear,clear-night,72793024233
seattle_wa,2023-02-02T00:00:00,1.3,-0.8,-2.4,76.35,0,0,,0,0,9.4,6.8,140,1021.1,13.2,16,0,,0,10,Clear,clear-night,72793024233
seattle_wa,2023-02-02T01:00:00,1.4,-0.8,-2.8,73.82,0,0,,0,0,7.6,7.1,128,1021,7.4,16,0,,0,10,Clear,clear-night,72793024233
seattle_wa,2023-02-02T02:00:00,0.6,-2.7,-3.2,75.7,0,0,,0,0,7.6,10.4,146,1020.9,13.2,16,0,,0,10,Clear,clear-night,72793024233
seattle_wa,2023-02-02T03:00:00,0.9,-1.2,-3.2,73.87,0,0,,0,0,7.6,6.8,141,1020.7,13.2,16,0,,0,10,Clear,clear-night,72793024233
seattle_wa,2023-02-02T04:00:00,-0.6,-3.7,-3.5,80.27,0,0,,0,0,9.4,9.1,139,1020.8,7.4,16,0,,0,10,Clear,clear-night,72793024233
seattle_wa,2023-02-02T05:00:00,-0.6,-4.6,-3.2,82.63,0,0,,0,0,9.4,12.4,149,1021,7.4,16,0,,0,10,Clear,clear-night,72793024233
seattle_wa,2023-02-02T06:00:00,-0.2,-5.1,-3.5,78.68,0,0,,0,0,9.4,17.1,147,1021.3,7.4,16,0,,0,10,Clear,clear-night,72793024233
seattle_wa,2023-02-02T07:00:00,-0.2,-4.4,-4,75.22,0,0,,0,0,9.4,14.1,158,1021.1,7.4,16,0,,0,10,Clear,clear-night,72793024233
seattle_wa,2023-02-02T08:00:00,-0.9,-4.6,-4.4,77.08,0,0,,0,0,9.4,10.8,160,1021.2,13.2,16,17,0.1,0,10,Clear,clear-day,72793024233
seattle_wa,2023-02-02T09:00:00,1.8,-1.5,-3.2,69.5,0,0,,0,0,9.4,11.3,151,1021.6,13.2,16,121,0.4,1,10,Clear,clear-day,72793024233
seattle_wa,2023-02-02T10:00:00,4.3,2.3,-3.4,57.41,0,0,,0,0,9.4,8.1,162,1021.7,13.2,16,211,0.8,2,10,Clear,clear-day,72793024233
seattle_wa,2023-02-02T11:00:00,5.9,3.6,-2.4,55.29,0,0,,0,0,9.4,10.9,147,1022,13.2,16,312,1.1,3,10,Clear,clear-day,72793024233
seattle_wa,2023-02-02T12:00:00,8.6,7,-1.1,50.59,0,0,,0,0,9.4,9.9,149,1021.5,13.2,16,332,1.2,3,10,Clear,clear-day,72793024233
seattle_wa,2023-02-02T13:00:00,10.2,10.2,-0.8,46.44,0,0,,0,0,11.2,8.8,165,1021,69.9,16,332,1.2,3,10,Partially cloudy,partly-cloudy-day,72793024233
seattle_wa,2023-02-02T14:00:00,10.9,10.9,-0.7,44.57,0,0,,0,0,11.2,7.9,157,1020.2,13.2,16,296,1.1,3,10,Clear,clear-day,72793024233
seattle_wa,2023-02-02T15:00:00,11.6,11.6,0,45.03,0,0,,0,0,11.2,5.9,238,1019.9,13.2,16,249,0.9,2,10,Clear,clear-day,72793024233
seattle_wa,2023-02-02T16:00:00,11.2,11.2,-1.3,41.73,0,0,,0,0,11.2,8,155,1019.7,13.2,16,131,0.5,1,10,Clear,clear-day,72793024233
seattle_wa,2023-02-02T17:00:00,9.4,8.5,-2.2,44.03,0,0,,0,0,11.2,7.4,138,1019.5,13.2,16,13,0,0,10,Clear,clear-day,72793024233
seattle_wa,2023-02-02T18:00:00,7.5,6.2,-2.3,49.64,0,0,,0,0,11.2,7.6,139,1019,7.4,16,4,0,0,10,Clear,clear-night,72793024233
seattle_wa,2023-02-02T19:00:00,6.2,4.8,-1.4,58.22,0,0,,0,0,11.2,7,145,1018.9,7.4,16,2,0,0,10,Clear,clear-night,72793024233
seattle_wa,2023-02-02T20:00:00,5.9,4.5,-0.9,61.96,0,0,,0,0,11.2,6.7,140,1019,90.6,16,2,0,0,10,Overcast,cloudy,72793024233
seattle_wa,2023-02-02T21:00:00,7.2,5.2,-1.7,53.25,0,0,,0,0,11.2,10.5,148,1018.3,97.6,16,1,0,0,10,Overcast,cloudy,72793024233
seattle_wa,2023-02-02T22:00:00,6.1,4.2,-1.5,58.51,0,0,,0,0,11.2,8.6,317,1017.4,7.4,16,1,0,0,10,Clear,clear-night,72793024233
seattle_wa,2023-02-02T23:00:00,5.8,5.8,-1.3,60.27,0,0,,0,0,11.2,1.7,13,1016,36.6,16,0,,0,10,Partially cloudy,partly-cloudy-night,72793024233
seattle_wa,2023-02-03T00:00:00,4.4,4.4,-1.3,66.33,0,0,,0,0,11.2,1.4,352,1015.2,13.2,16,0,,0,10,Clear,clear-night,72793024233
seattle_wa,2023-02-03T01:00:00,3.9,3.9,-1.2,69.49,0,0,,0,0,5.4,2.7,340,1014.3,13.2,16,0,,0,10,Clear,clear-night,72793024233
seattle_wa,2023-02-03T02:00:00,4,4,-1,69.69,0,0,,0,0,5.4,1.2,64,1013.8,19.1,16,0,,0,10,Clear,clear-night,72793024233
seattle_wa,2023-02-03T03:00:00,4.5,4.5,-1,67.22,0,0,,0,0,5.4,3.5,324,1012.3,13.2,16,0,,0,10,Clear,clear-night,72793024233
seattle_wa,2023-02-03T04:00:00,3.9,3.9,-1,70.79,0,0,,0,0,13,0,0,1011.4,14.9,16,0,,0,10,Clear,clear-night,72793024233
seattle_wa,2023-02-03T05:00:00,3.9,3.9,-1,70.42,0,0,,0,0,13,0,0,1010.9,14.9,16,0,,0,10,Clear,clear-night,72793024233
seattle_wa,2023-02-03T06:00:00,4.8,4.8,0.4,73.26,0,0,,0,0,13,2.3,285,1010.6,14.9,16,0,,0,10,Clear,clear-night,72793024233
seattle_wa,2023-02-03T07:00:00,4.4,2.2,0.5,76.03,0,0,,0,0,29.5,8.7,108,1010.1,90.6,16,0,,0,10,Overcast,cloudy,72793024233
seattle_wa,2023-02-03T08:00:00,4.8,2.1,0.3,72.69,0,0,,0,0,35.3,11.3,147,1010.5,82.3,16,15,0.1,0,10,Partially cloudy,partly-cloudy-day,72793024233
seattle_wa,2023-02-03T09:00:00,5,1.5,-0.3,68.54,0,0,,0,0,31.3,16.8,140,1011.1,75.8,16,70,0.3,1,10,Partially cloudy,partly-cloudy-day,72793024233
seattle_wa,2023-02-03T10:00:00,6.3,4,-0.5,62.09,0,0,,0,0,53.6,11,163,1010.8,13.2,16,123,0.4,1,10,Clear,clear-day,72793024233
seattle_wa,2023-02-03T11:00:00,7,7,-0.7,57.8,0,0,,0,0,53.6,2.4,338,1011.2,93,16,228,0.8,2,10,Overcast,cloudy,72793024233
seattle_wa,2023-02-03T12:00:00,6.9,4.6,0.6,64.16,0,0,,0,0,53.6,12.1,160,1012,100,16,222,0.8,2,10,Overcast,cloudy,72793024233
seattle_wa,2023-02-03T13:00:00,10.2,10.2,2.4,58.37,0.236,100,rain,0,0,59.4,29.9,161,1011,100,16,150,0.5,2,10,Rain, Overcast,rain
seattle_wa,2023-02-03T14:00:00,10.8,10.8,2.6,57.07,0,0,,0,0,52.4,27.8,171,1011.4,100,16,83,0.3,1,10,Overcast,cloudy,72793024233
seattle_wa,2023-02-03T15:00:00,9.9,6,3.9,66.31,0,0,,0,0,62.3,37.4,179,1012.1,100,16,74,0.3,1,10,Overcast,cloudy,72793024233
seattle_wa,2023-02-03T16:00:00,9.1,6.2,4.5,72.99,0.681,100,rain,0,0,56.1,20.7,181,1012.9,100,16,48,0.2,0,10,Rain, Overcast,rain
seattle_wa,2023-02-03T17:00:00,8.4,5.9,5.4,81.57,0.414,100,rain,0,0,47.3,15.2,161,1014.1,100,11.8,4,0,0,10,Rain, Overcast,rain
seattle_wa,2023-02-03T18:00:00,8.6,5.5,5.3,80.04,0.48,100,rain,0,0,47.7,21.2,183,1015,100,15.6,1,0,0,10,Rain, Overcast,rain
seattle_wa,2023-02-03T19:00:00,8.7,6.4,5.6,80.63,0.79,100,rain,0,0,40.7,14.6,176,1015.6,100,16,0,,0,10,Rain, Overcast,rain
seattle_wa,2023-02-03T20:00:00,8.5,6,5.7,82.79,0.365,100,rain,0,0,40.7,15.4,196,1016.7,100,8.3,0,,0,10,Rain, Overcast,rain
seattle_wa,2023-02-03T21:00:00,7.9,4.9,6.1,88.48,0.462,100,rain,0,0,38.9,18.5,178,1017.3,100,8.7,0,,0,10,Rain, Overcast,rain
seattle_wa,2023-02-03T22:00:00,8.4,4.7,5.6,82.64,0.275,100,rain,0,0,46.8,26.4,163,1017.7,100,13.1,0,,0,10,Rain, Overcast,rain
seattle_wa,2023-02-03T23:00:00,8,6.2,5.5,84.22,0,0,rain,0,0,47.9,9.8,119,1017.6,43.1,16,0,,0,10,Partially cloudy,partly-cloudy-night,72793024233
seattle_wa,2023-02-04T00:00:00,7.8,5.8,5.4,84.4,0,0,,0,0,37.1,11.3,146,1017.8,100,16,0,,0,10,Overcast,cloudy,72793024233
seattle_wa,2023-02-04T01:00:00,7.3,6.2,5.5,88.1,0,0,,0,0,31.3,6.7,129,1018.1,100,16,0,,0,10,Overcast,cloudy,72793024233
seattle_wa,2023-02-04T02:00:00,8,5.8,5.5,83.81,0.045,100,rain,0,0,31.3,12.7,157,1018.4,100,15.7,0,,0,10,Rain, Overcast,rain
seattle_wa,2023-02-04T03:00:00,6.8,5,5.6,91.71,0.045,100,rain,0,0,31.3,9,129,1018.4,100,15.7,0,,0,10,Rain, Overcast,rain
seattle_wa,2023-02-04T04:00:00,6.7,5.2,5.4,91.49,0,0,,0,0,24.1,7.9,147,1018,98.4,16,0,,0,10,Overcast,cloudy,72793024233
seattle_wa,2023-02-04T05:00:00,6.8,4.8,5.6,91.71,0.045,100,rain,0,0,24.1,9.9,143,1017.7,100,15.3,0,,0,10,Rain, Overcast,rain
seattle_wa,2023-02-04T06:00:00,6.9,5,5.6,91.24,0.045,100,rain,0,0,24.1,9.7,149,1017.2,100,16,0,,0,10,Rain, Overcast,rain
seattle_wa,2023-02-04T07:00:00,6.5,5,5.9,95.55,0,0,rain,0,0,24.1,7.6,151,1016.7,100,16,0,,0,10,Overcast,cloudy,72793024233
seattle_wa,2023-02-04T08:00:00,7,5.1,5.9,92.39,0,0,,0,0,24.1,10.2,154,1016.6,100,16,19,0.1,0,10,Overcast,cloudy,72793024233
seattle_wa,2023-02-04T09:00:00,7.6,6,6.2,90.87,0,0,,0,0,24.1,8.9,153,1016.7,100,16,90,0.3,1,10,Overcast,cloudy,72793024233
seattle_wa,2023-02-04T10:00:00,8.5,6.9,6.2,85.4,0,0,,0,0,22.3,9.8,156,1016.7,98.4,16,147,0.5,1,10,Overcast,cloudy,72793024233
seattle_wa,2023-02-04T11:00:00,10.1,10.1,6.6,78.93,0,0,,0,0,22.3,10.2,160,1016.6,91.4,16,188,0.7,2,10,Overcast,cloudy,72793024233
seattle_wa,2023-02-04T12:00:00,11.3,11.3,6.4,72.22,0,0,,0,0,22.3,13.3,154,1016.2,100,16,228,0.8,2,10,Overcast,cloudy,72793024233
seattle_wa,2023-02-04T13:00:00,10.8,10.8,6.5,75.05,0,0,,0,0,22.3,6,166,1015.3,100,16,207,0.7,2,10,Overcast,cloudy,72793024233
seattle_wa,2023-02-04T14:00:00,10.7,10.7,6.6,76.08,0.045,100,rain,0,0,14.8,1.2,356,1014.2,100,16,206,0.7,2,10,Rain, Overcast,rain
seattle_wa,2023-02-04T15:00:00,10.1,10.1,6.6,79,0,0,,0,0,14.8,1.6,349,1013.4,100,16,143,0.5,1,10,Overcast,cloudy,72793024233
seattle_wa,2023-02-04T16:00:00,10.1,10.1,7,80.93,0.045,100,rain,0,0,13,8.7,44,1012.5,100,16,83,0.3,1,10,Rain, Overcast,rain
seattle_wa,2023-02-04T17:00:00,9.4,8.1,6.6,82.9,0,0,,0,0,13,9.3,150,1012,100,16,8,0,0,10,Overcast,cloudy,72793024233
seattle_wa,2023-02-04T18:00:00,9.6,8.2,6.1,78.55,0,0,,0,0,13,9.8,156,1011.8,100,16,1,0,0,10,Overcast,cloudy,72793024233
seattle_wa,2023-02-04T19:00:00,9,9,6.2,83.04,0,0,,0,0,13,2.7,140,1011.3,100,16,1,0,0,10,Overcast,cloudy,72793024233
seattle_wa,2023-02-04T20:00:00,8,6.8,6.9,93.2,0.361,100,rain,0,0,13,7.4,152,1011.4,100,10.2,1,0,0,10,Rain, Overcast,rain
seattle_wa,2023-02-04T21:00:00,8,8,6.5,90.79,0.097,100,rain,0,0,13,2.2,18,1010.5,100,13.1,1,0,0,10,Rain, Overcast,rain
seattle_wa,2023-02-04T22:00:00,7.8,6.4,6.3,90.11,0.045,100,rain,0,0,13,8.4,60,1009.3,100,14.7,1,0,0,10,Rain, Overcast,rain
seattle_wa,2023-02-04T23:00:00,7.8,4.9,6,88.54,0,0,,0,0,13,16.7,100,1007.2,100,16,0,,0,10,Overcast,cloudy,72793024233
seattle_wa,2023-02-05T00:00:00,7.6,5.5,5,83.33,0,0,,0,0,13,11.9,34,1006,97.6,16,0,,0,10,Overcast,cloudy,72793024233
seattle_wa,2023-02-05T01:00:00,8,6.3,4.6,79.43,0,0,,0,0,7.6,9.6,30,1004.6,85.6,16,0,,0,10,Partially cloudy,partly-cloudy-night,72793024233
seattle_wa,2023-02-05T02:00:00,7.1,7.1,4.6,84.25,0,0,,0,0,7.6,3,345,1004.5,96,16,0,,0,10,Overcast,cloudy,72793024233
seattle_wa,2023-02-05T03:00:00,6.6,5.8,4.9,88.8,0,0,,0,0,7.6,5.4,325,1004.2,89,16,0,,0,10,Partially cloudy,partly-cloudy-night,72793024233
seattle_wa,2023-02-05T04:00:00,6.7,5.7,4.7,86.74,0,0,,0,0,7.6,6,323,1004.1,36.6,16,0,,0,10,Partially cloudy,partly-cloudy-night,72793024233
seattle_wa,2023-02-05T05:00:00,6.6,6.6,5.3,91.63,0,0,,0,0,7.6,1.4,355,1004.4,100,16,0,,0,10,Overcast,cloudy,72793024233
seattle_wa,2023-02-05T06:00:00,6.5,6.5,4.9,89.53,0,0,,0,0,7.6,0,0,1004.8,100,16,0,,0,10,Overcast,cloudy,72793024233
seattle_wa,2023-02-05T07:00:00,6.2,6.2,4.7,90.36,0,0,,0,0,8.6,0,0,1005.8,100,16,0,,0,10,Overcast,cloudy,72793024233
seattle_wa,2023-02-05T08:00:00,5.8,5.8,4.9,93.76,0,0,,0,0,8.6,2.3,6,1007.1,100,16,17,0.1,0,10,Overcast,cloudy,72793024233
seattle_wa,2023-02-05T09:00:00,6.7,6.7,5.5,92.11,0,0,,0,0,10.1,2.6,318,1008.6,100,15.6,71,0.3,1,10,Overcast,cloudy,72793024233
seattle_wa,2023-02-05T10:00:00,7.8,6.3,6.5,91.78,0,0,,0,0,5.4,8.6,206,1010,100,15.6,146,0.5,1,10,Overcast,cloudy,72793024233
seattle_wa,2023-02-05T11:00:00,8.2,6.3,6.5,89.16,0.045,100,rain,0,0,5.4,10.8,177,1011.1,100,15.6,183,0.7,2,10,Rain, Overcast,rain
seattle_wa,2023-02-05T12:00:00,7.9,6.1,6.9,93.89,0.045,100,rain,0,0,5.4,10.1,157,1011.7,93,9.6,176,0.6,2,10,Rain, Overcast,rain
seattle_wa,2023-02-05T13:00:00,8,6.6,6.9,93.27,0.554,100,rain,0,0,11.2,7.9,127,1012.3,100,8.6,100,0.4,1,10,Rain, Overcast,rain
seattle_wa,2023-02-05T14:00:00,8.4,7.5,7,91.33,0.139,100,rain,0,0,11.2,6.5,67,1012.8,100,12.1,105,0.4,1,10,Rain, Overcast,rain
seattle_wa,2023-02-05T15:00:00,8.9,7.7,6.9,87.6,0,0,rain,0,0,11.2,7.8,218,1013.9,100,16,86,0.3,1,10,Overcast,cloudy,72793024233
seattle_wa,2023-02-05T16:00:00,8.9,7.4,7.1,88.75,0,0,,0,0,11.2,9.4,187,1014.7,93,16,44,0.2,0,10,Overcast,cloudy,72793024233
seattle_wa,2023-02-05T17:00:00,8.9,8.1,7.1,88.75,0,0,,0,0,11.2,6.2,208,1015.9,100,16,4,0,0,10,Overcast,cloudy,72793024233
seattle_wa,2023-02-05T18:00:00,8.9,8.4,7,88.25,0,0,,0,0,11.2,5.4,73,1017,100,16,0,,0,10,Overcast,cloudy,72793024233
seattle_wa,2023-02-05T19:00:00,8.8,8.1,7.3,90.12,0,0,,0,0,5.4,5.9,282,1018.4,100,12.8,0,,0,10,Overcast,cloudy,72793024233
seattle_wa,2023-02-05T20:00:00,8.2,7.8,6.3,88.12,0.276,100,rain,0,0,5.4,4.9,276,1019.9,100,10.5,0,,0,10,Rain, Overcast,rain
seattle_wa,2023-02-05T21:00:00,7.3,5.5,5.8,90.26,0.216,100,rain,0,0,5.4,9.3,180,1021.3,100,16,0,,0,10,Rain, Overcast,rain
seattle_wa,2023-02-05T22:00:00,7.3,5.3,5.2,86.99,0,0,,0,0,11.2,10.3,178,1023,100,16,0,,0,10,Overcast,cloudy,72793024233
seattle_wa,2023-02-05T23:00:00,6.9,4.4,4.7,86.03,0,0,,0,0,11.2,12.6,174,1024.3,100,15.7,0,,0,10,Overcast,cloudy,72793024233
seattle_wa,2023-02-06T00:00:00,6.7,4.2,4.3,84.37,0,0,,0,0,11.2,13.1,166,1025.3,100,15.3,0,,0,10,Overcast,cloudy,72793024233
seattle_wa,2023-02-06T01:00:00,6.4,3.6,4.1,85.57,0,0,,0,0,18.4,13.9,145,1026.1,100,16,0,,0,10,Overcast,cloudy,KSEA
seattle_wa,2023-02-06T02:00:00,6.4,3.5,3.6,82.39,0,0,,0,0,18.4,14.9,169,1027.2,93,16,0,,0,10,Overcast,cloudy,72793024233
seattle_wa,2023-02-06T03:00:00,6.4,3.7,3.6,82.39,0,0,,0,0,18.4,13.4,160,1028,100,16,0,,0,10,Overcast,cloudy,72793024233
seattle_wa,2023-02-06T04:00:00,6.9,4.2,3.6,79.67,0,0,,0,0,22.3,13.7,156,1028.2,100,16,0,,0,10,Overcast,cloudy,72793024233
seattle_wa,2023-02-06T05:00:00,6.9,4,4,81.87,0,0,,0,0,22.3,15.6,155,1028.2,100,16,0,,0,10,Overcast,cloudy,KSEA
seattle_wa,2023-02-06T06:00:00,6.7,2.9,3.6,80.84,0,0,,0,0,40.2,22.2,169,1028.5,100,15.4,0,,0,10,Overcast,cloudy,72793024233
seattle_wa,2023-02-06T07:00:00,6.2,2.3,4.2,86.86,0,0,,0,0,29.5,22.7,103,1028.6,100,14.7,0,,0,10,Overcast,cloudy,72793024233
seattle_wa,2023-02-06T08:00:00,6.7,2.7,4.2,83.74,0,0,,0,0,40.5,25.1,175,1028.6,90.6,16,10,0,0,10,Overcast,cloudy,72793024233
seattle_wa,2023-02-06T09:00:00,7.8,4.1,4.6,80.17,0,0,,0,0,47.1,24.9,188,1029.1,91.4,16,83,0.3,1,10,Overcast,cloudy,72793024233
seattle_wa,2023-02-06T10:00:00,7.9,3.9,4.8,80.79,0,0,,0,0,29.5,28.5,310,1029.3,91.4,15.3,165,0.6,2,10,Overcast,cloudy,72793024233
seattle_wa,2023-02-06T11:00:00,8.1,4.5,4.8,79.68,0,0,,0,0,37.6,24.7,188,1029.5,96,16,188,0.7,2,10,Overcast,cloudy,72793024233
seattle_wa,2023-02-06T12:00:00,9.3,6,5.4,76.47,0,0,,0,0,44,26.8,177,1029.4,100,15.3,99,0.4,1,10,Overcast,cloudy,72793024233
seattle_wa,2023-02-06T13:00:00,9,6.2,5.7,79.87,0,0,,0,0,37.1,19.7,184,1029.1,100,12.1,76,0.3,1,10,Overcast,cloudy,72793024233
seattle_wa,2023-02-06T14:00:00,8.9,6,5.9,81.41,0.074,100,rain,0,0,40.7,19.4,182,1028.8,93,14.6,101,0.4,1,10,Rain, Overcast,rain
seattle_wa,2023-02-06T15:00:00,9.3,6.5,5.4,76.47,0,0,,0,0,35.7,20.8,188,1028.8,100,16,64,0.2,1,10,Overcast,cloudy,72793024233
seattle_wa,2023-02-06T16:00:00,8.7,5.3,5.5,80.37,0,0,,0,0,44.6,25.1,179,1028.6,96,16,40,0.1,0,10,Overcast,cloudy,72793024233
seattle_wa,2023-02-06T17:00:00,8.9,5.9,5.2,77.5,0,0,,0,0,46.4,21.3,177,1028.4,96.5,16,8,0,0,10,Overcast,cloudy,KSEA
seattle_wa,2023-02-06T18:00:00,8.9,5.9,4.7,74.99,0,0,,0,0,38.8,20.8,167,1027.7,89,16,1,0,0,10,Partially cloudy,partly-cloudy-night,72793024233
seattle_wa,2023-02-06T19:00:00,8.4,5.6,4.1,74.4,0,0,,0,0,33.5,17.6,181,1027.4,19.1,16,1,0,0,10,Clear,clear-night,72793024233
seattle_wa,2023-02-06T20:00:00,8.4,5.8,3.8,72.76,0,0,,0,0,35.3,16.3,180,1027.1,57.4,16,1,0,0,10,Partially cloudy,partly-cloudy-night,72793024233
seattle_wa,2023-02-06T21:00:00,8.5,6.1,4,73.31,0,0,,0,0,35.3,14.5,157,1026.9,100,16,1,0,0,10,Overcast,cloudy,72793024233
seattle_wa,2023-02-06T22:00:00,7.8,5.4,4.3,79,0,0,,0,0,44.3,13.5,137,1026.6,100,15.6,0,,0,10,Overcast,cloudy,72793024233
seattle_wa,2023-02-06T23:00:00,7.8,5.5,4.2,77.73,0,0,,0,0,44.3,13.5,156,1026.4,100,16,0,,0,10,Overcast,cloudy,72793024233
seattle_wa,2023-02-07T00:00:00,7.4,5,4.7,83.04,0,0,,0,0,44.3,13,150,1026,100,16,0,,0,10,Overcast,cloudy,72793024233
seattle_wa,2023-02-07T01:00:00,6.9,4.6,4.5,84.68,0.045,100,rain,0,0,44.3,11.9,136,1025.4,100,16,0,,0,10,Rain, Overcast,rain
seattle_wa,2023-02-07T02:00:00,7.4,5.2,4.7,82.67,0.074,100,rain,0,0,44.3,12.5,169,1024.8,100,16,0,,0,10,Rain, Overcast,rain
seattle_wa,2023-02-07T03:00:00,7.8,4.6,4.9,82.17,0.133,100,rain,0,0,44.3,19.5,171,1024,100,14.3,0,,0,10,Rain, Overcast,rain
seattle_wa,2023-02-07T04:00:00,7.2,3.8,4.8,84.89,0.134,100,rain,0,0,31.3,20.7,156,1022.9,100,13.9,0,,0,10,Rain, Overcast,rain
seattle_wa,2023-02-07T05:00:00,7.9,5.1,4.8,81.15,0.045,100,rain,0,0,31.3,16.8,171,1022,100,16,0,,0,10,Rain, Overcast,rain
seattle_wa,2023-02-07T06:00:00,7.3,4.4,4.8,84.52,0.208,100,rain,0,0,31.3,16.4,161,1021.8,100,12.3,0,,0,10,Rain, Overcast,rain
seattle_wa,2023-02-07T07:00:00,7.1,4.3,5.5,89.13,0.616,100,rain,0,0,42.5,15.6,165,1020.7,100,12.9,0,,0,10,Rain, Overcast,rain
seattle_wa,2023-02-07T08:00:00,7.4,4.5,5.5,87.2,0.448,100,rain,0,0,42.5,17,169,1020.3,100,10,13,0,0,10,Rain, Overcast,rain
seattle_wa,2023-02-07T09:00:00,8,5.1,5.5,84.16,0.373,100,rain,0,0,42.5,17.5,171,1019.9,100,10.4,43,0.2,0,10,Rain, Overcast,rain
seattle_wa,2023-02-07T10:00:00,8.6,5.4,5.7,82.37,0.214,100,rain,0,0,35.4,22,163,1019.5,100,14.7,83,0.3,1,10,Rain, Overcast,rain
seattle_wa,2023-02-07T11:00:00,9.4,6.6,5.8,78.37,0,0,,0,0,42.2,20.3,190,1019.8,100,16,116,0.4,1,10,Overcast,cloudy,KSEA
seattle_wa,2023-02-07T12:00:00,9.3,6.5,5.8,78.63,0,0,,0,0,46.3,20.5,173,1019.6,100,16,181,0.7,2,10,Overcast,cloudy,KSEA
seattle_wa,2023-02-07T13:00:00,8.8,5.5,6.5,85.28,1.981,100,rain,0,0,41.7,24.4,180,1019.6,99,10.3,207,0.7,2,10,Rain, Overcast,rain
seattle_wa,2023-02-07T14:00:00,10.1,10.1,7,81.31,0,0,,0,0,45.4,24.2,182,1019.9,62.1,16,267,1,3,10,Partially cloudy,partly-cloudy-day,KSEA
seattle_wa,2023-02-07T15:00:00,10.5,10.5,6.9,78.43,0,0,,0,0,47.7,17.8,195,1020.1,91.4,16,178,0.6,2,10,Overcast,cloudy,72793024233
seattle_wa,2023-02-07T16:00:00,9.4,5.9,3.8,68.02,0,0,,0,0,55.4,29.6,286,1020.7,64.1,16,145,0.5,1,10,Partially cloudy,partly-cloudy-day,72793024233
seattle_wa,2023-02-07T17:00:00,8.5,5,3.6,71.31,0,0,,0,0,47,25,204,1021.7,7.4,16,28,0.1,0,10,Clear,clear-day,72793024233
seattle_wa,2023-02-07T18:00:00,7.9,4.5,3.3,72.77,0,0,,0,0,41.4,21.9,201,1022.2,7.4,16,7,0,0,10,Clear,clear-night,72793024233
seattle_wa,2023-02-07T19:00:00,7.4,3.5,2.8,72.51,0,0,,0,0,53.6,26.5,294,1023,18.2,16,5,0,0,10,Clear,clear-night,72793024233
seattle_wa,2023-02-07T20:00:00,6.9,3.7,2.8,75.04,0,0,,0,0,37.1,18.2,192,1023.4,43.6,16,3,0,0,10,Partially cloudy,partly-cloudy-night,KSEA
seattle_wa,2023-02-07T21:00:00,6.2,3.8,1.7,73.07,0,0,,0,0,45.2,11.4,192,1024.7,45.1,16,3,0,0,10,Partially cloudy,partly-cloudy-night,72793024233
seattle_wa,2023-02-07T22:00:00,5.9,5.9,2.2,77.27,0,0,,0,0,37.1,3.6,14,1025.8,91.4,16,2,0,0,10,Overcast,cloudy,72793024233
seattle_wa,2023-02-07T23:00:00,5.9,3,2.8,80.36,0,0,,0,0,30.4,13.9,209,1026.5,98.4,16,0,,0,10,Overcast,cloudy,72793024233
seattle_wa,2023-02-08T00:00:00,5.7,3.5,2.2,78.43,0,0,,0,0,29.5,9.8,196,1027.1,66.5,16,0,,0,10,Partially cloudy,partly-cloudy-night,72793024233
seattle_wa,2023-02-08T01:00:00,4.3,1.7,1.8,83.87,0,0,,0,0,13,10.9,179,1027.4,85.8,16,0,,0,10,Partially cloudy,partly-cloudy-night,KSEA
seattle_wa,2023-02-08T02:00:00,5.2,3.2,1.8,78.3,0,0,,0,0,13,9.2,144,1028.2,89,16,0,,0,10,Partially cloudy,partly-cloudy-night,72793024233
seattle_wa,2023-02-08T03:00:00,5.1,3.4,2.1,80.7,0,0,,0,0,13,7.6,163,1028.9,93,16,0,,0,10,Overcast,cloudy,72793024233
seattle_wa,2023-02-08T04:00:00,5.5,3.4,2.2,79.54,0,0,,0,0,5.4,9.2,180,1029.4,100,16,0,,0,10,Overcast,cloudy,72793024233
seattle_wa,2023-02-08T05:00:00,5,3.3,2.1,81.85,0,0,,0,0,5.4,7.4,194,1030.1,100,16,0,,0,10,Overcast,cloudy,72793024233
seattle_wa,2023-02-08T06:00:00,4.6,1.7,2.1,84.25,0,0,,0,0,5.4,11.9,151,1031,100,16,0,,0,10,Overcast,cloudy,72793024233
seattle_wa,2023-02-08T07:00:00,4.6,1.9,1.9,83.12,0,0,,0,0,9.4,11.3,78,1031.7,98.4,16,0,,0,10,Overcast,cloudy,72793024233
seattle_wa,2023-02-08T08:00:00,4.6,2.8,2,83.18,0,0,,0,0,9.4,7.6,141,1032.6,91.4,16,26,0.1,0,10,Overcast,cloudy,72793024233
seattle_wa,2023-02-08T09:00:00,5.2,2.9,2.4,82.61,0,0,,0,0,9.4,10,155,1032.9,91.4,16,109,0.4,1,10,Overcast,cloudy,72793024233
seattle_wa,2023-02-08T10:00:00,5.8,3.6,2.6,79.77,0,0,,0,0,9.4,10.3,165,1033.5,92.5,16,200,0.7,2,10,Overcast,cloudy,KSEA
seattle_wa,2023-02-08T11:00:00,6.6,4.9,2.3,74.25,0,0,,0,0,9.4,8.4,183,1033.3,87.6,16,298,1.1,3,10,Partially cloudy,partly-cloudy-day,72793024233
seattle_wa,2023-02-08T12:00:00,7.4,5.5,2.6,71.44,0,0,,0,0,9.4,10.3,206,1033.5,82.8,16,298,1.1,3,10,Partially cloudy,partly-cloudy-day,72793024233
seattle_wa,2023-02-08T13:00:00,8.6,6.8,2.4,65.36,0,0,,0,0,14.8,10.5,212,1033.5,69.9,16,304,1.1,3,10,Partially cloudy,partly-cloudy-day,72793024233
seattle_wa,2023-02-08T14:00:00,8.9,6.9,2,62.11,0,0,,0,0,14.8,12.2,218,1033.3,75.8,16,304,1.1,3,10,Partially cloudy,partly-cloudy-day,72793024233
seattle_wa,2023-02-08T15:00:00,8.9,7.3,1.3,58.73,0,0,,0,0,14.8,10.1,224,1032.9,38.3,16,245,0.9,2,10,Partially cloudy,partly-cloudy-day,KSEA
seattle_wa,2023-02-08T16:00:00,9,8.3,1.5,59.29,0,0,,0,0,7.6,6.2,168,1032.5,64.1,16,157,0.6,2,10,Partially cloudy,partly-cloudy-day,72793024233
seattle_wa,2023-02-08T17:00:00,8.4,7.6,1.2,60.37,0,0,,0,0,7.6,6,0,1032.3,7.4,16,24,0.1,0,10,Clear,clear-day,72793024233
seattle_wa,2023-02-08T18:00:00,7.6,7.6,1.5,65.43,0,0,,0,0,7.6,0.8,33,1032.2,7.4,16,5,0,0,10,Clear,clear-night,72793024233
seattle_wa,2023-02-08T19:00:00,7,7,1.7,69.23,0,0,,0,0,13,2.2,151,1031.8,98.4,16,4,0,0,10,Overcast,cloudy,72793024233
seattle_wa,2023-02-08T20:00:00,6.9,6.9,1.9,70.38,0,0,,0,0,13,1.1,41,1031.8,97.6,16,3,0,0,10,Overcast,cloudy,72793024233
seattle_wa,2023-02-08T21:00:00,6.8,5.2,1.9,71.11,0,0,,0,0,13,8.1,144,1031.8,100,16,2,0,0,10,Overcast,cloudy,72793024233
seattle_wa,2023-02-08T22:00:00,6.5,5,1.9,72.84,0,0,,0,0,11.2,7.4,145,1031.3,100,16,2,0,0,10,Overcast,cloudy,72793024233
seattle_wa,2023-02-08T23:00:00,6.4,5,1.9,72.87,0,0,,0,0,11.2,7.1,128,1030.9,100,16,0,,0,10,Overcast,cloudy,72793024233
seattle_wa,2023-02-09T00:00:00,6.3,4.4,1.9,73.41,0,0,,0,0,11.2,9,153,1030.5,100,16,0,,0,10,Overcast,cloudy,72793024233
seattle_wa,2023-02-09T01:00:00,6.5,6.5,1.2,68.94,0,0,,0,0,7.6,1.4,31,1029.7,100,16,0,,0,10,Overcast,cloudy,72793024233
seattle_wa,2023-02-09T02:00:00,6.5,6.5,1.4,69.85,0,0,,0,0,7.6,1.7,31,1029.1,100,16,0,,0,10,Overcast,cloudy,72793024233
seattle_wa,2023-02-09T03:00:00,6.4,6.4,2.3,75.47,0,0,,0,0,7.6,1.9,28,1028.2,100,16,0,,0,10,Overcast,cloudy,72793024233
seattle_wa,2023-02-09T04:00:00,6.3,6.3,2.3,75.89,0,0,,0,0,7.6,0.8,140,1027.6,100,16,0,,0,10,Overcast,cloudy,72793024233
seattle_wa,2023-02-09T05:00:00,6.7,6.7,1.9,71.92,0,0,,0,0,7.6,3.8,17,1026.5,100,16,0,,0,10,Overcast,cloudy,72793024233
seattle_wa,2023-02-09T06:00:00,5.8,4.3,2.5,79.77,0,0,,0,0,7.6,7,331,1025.6,77.4,16,0,,0,10,Partially cloudy,partly-cloudy-night,72793024233
seattle_wa,2023-02-09T07:00:00,6.1,6.1,2.9,80.39,0,0,,0,0,7.6,0,0,1024.9,97.9,16,0,,0,10,Overcast,cloudy,72793024233
seattle_wa,2023-02-09T08:00:00,6.6,6.6,3,77.68,0,0,,0,0,7.6,0.8,319,1024.6,100,16,23,0.1,0,10,Overcast,cloudy,72793024233
seattle_wa,2023-02-09T09:00:00,7.5,7.5,2.9,72.23,0,0,,0,0,7.6,0,0,1024.2,100,16,89,0.3,1,10,Overcast,cloudy,72793024233
seattle_wa,2023-02-09T10:00:00,7.8,7.8,3.2,72.33,0,0,,0,0,5.4,0,240,1023.5,100,16,166,0.6,2,10,Overcast,cloudy,72793024233
seattle_wa,2023-02-09T11:00:00,8.2,7.4,3.1,70.21,0,0,,0,0,5.4,6,317,1023.1,96,16,203,0.7,2,10,Overcast,cloudy,72793024233
seattle_wa,2023-02-09T12:00:00,9.2,9.2,2.8,64.34,0,0,,0,0,5.4,0,0,1022.1,89,16,268,1,3,10,Partially cloudy,partly-cloudy-day,72793024233
seattle_wa,2023-02-09T13:00:00,10.8,10.8,2.9,58.02,0,0,,0,0,5.4,0,260,1020.9,96,16,313,1.1,3,10,Overcast,cloudy,72793024233
seattle_wa,2023-02-09T14:00:00,13.2,13.2,2.1,47.08,0,0,,0,0,5.4,3.7,51,1020,91.4,16,308,1.1,3,10,Overcast,cloudy,72793024233
seattle_wa,2023-02-09T15:00:00,13.5,13.5,2.7,47.93,0,0,,0,0,5.4,6.8,7,1018.7,25,16,288,1,3,10,Partially cloudy,partly-cloudy-day,72793024233
seattle_wa,2023-02-09T16:00:00,14.3,14.3,1.2,40.84,0,0,,0,0,11.2,11.5,142,1017.9,7.4,16,174,0.6,2,10,Clear,clear-day,72793024233
seattle_wa,2023-02-09T17:00:00,12.8,12.8,0.6,43.43,0,0,,0,0,11.2,9.1,137,1017.6,45.1,16,35,0.1,0,10,Partially cloudy,partly-cloudy-day,72793024233
seattle_wa,2023-02-09T18:00:00,10.7,10.7,0.9,50.71,0,0,,0,0,11.2,8.2,157,1017.3,13.2,16,8,0,0,10,Clear,clear-night,72793024233
seattle_wa,2023-02-09T19:00:00,9.6,8.2,-0.2,50.22,0,0,,0,0,20.5,9.9,166,1017.2,7.4,16,5,0,0,10,Clear,clear-night,72793024233
seattle_wa,2023-02-09T20:00:00,9.3,7.6,-0.3,51.03,0,0,,0,0,20.5,11.5,144,1016.9,7.4,16,4,0,0,10,Clear,clear-night,72793024233
seattle_wa,2023-02-09T21:00:00,9,7.5,0.2,54.01,0,0,,0,0,20.5,9.9,164,1017.1,57.4,16,3,0,0,10,Partially cloudy,partly-cloudy-night,72793024233
seattle_wa,2023-02-09T22:00:00,10.2,10.2,3.8,64.66,0.045,100,rain,0,0,37.1,18.1,167,1018.5,100,13.6,3,0,0,10,Rain, Overcast,rain
seattle_wa,2023-02-09T23:00:00,9.3,7,5.6,77.55,0.536,100,rain,0,0,34.9,15.5,203,1019.7,100,10,0,,0,10,Rain, Overcast,rain
seattle_wa,2023-02-10T00:00:00,8.7,5.7,5.8,81.76,0.259,100,rain,0,0,37.1,20.1,174,1020.3,100,14.3,0,,0,10,Rain, Overcast,rain
seattle_wa,2023-02-10T01:00:00,8.8,6,6.1,82.98,0,0,,0,0,31.3,19.3,176,1020.4,100,16,0,,0,10,Overcast,cloudy,72793024233
seattle_wa,2023-02-10T02:00:00,8.7,5.8,6.1,83.58,0,0,,0,0,33.5,19.3,169,1020.8,100,14.7,0,,0,10,Overcast,cloudy,72793024233
seattle_wa,2023-02-10T03:00:00,8.4,5.8,6.1,85.4,0,0,,0,0,31.3,15.7,171,1021.1,52.2,16,0,,0,10,Partially cloudy,partly-cloudy-night,72793024233
seattle_wa,2023-02-10T04:00:00,7.4,5.2,5.8,89.04,0,0,,0,0,18.4,12.1,158,1020.8,66.5,16,0,,0,10,Partially cloudy,partly-cloudy-night,72793024233
seattle_wa,2023-02-10T05:00:00,7,4.6,5.9,92.39,0,0,,0,0,18.4,13,152,1021.1,83.2,16,0,,0,10,Partially cloudy,partly-cloudy-night,72793024233
seattle_wa,2023-02-10T06:00:00,7.1,4.7,5.6,90.59,0,0,,0,0,18.4,12.3,151,1021.3,79.5,15.8,0,,0,10,Partially cloudy,partly-cloudy-night,KSEA
seattle_wa,2023-02-10T07:00:00,7.1,4.6,5.6,90.18,0,0,,0,0,14.8,12.8,155,1021.8,89,16,0,,0,10,Partially cloudy,partly-cloudy-night,72793024233
seattle_wa,2023-02-10T08:00:00,6.6,4.3,5.6,93.05,0,0,,0,0,14.8,11.6,134,1022.4,91.4,16,32,0.1,0,10,Overcast,cloudy,72793024233
seattle_wa,2023-02-10T09:00:00,7.9,6.3,6,87.83,0,0,,0,0,14.8,9.1,148,1023,91.4,16,149,0.5,1,10,Overcast,cloudy,72793024233
seattle_wa,2023-02-10T10:00:00,8.5,6.6,6.3,85.97,0,0,,0,0,18.4,11.5,141,1023.3,89,16,201,0.7,2,10,Partially cloudy,partly-cloudy-day,72793024233
seattle_wa,2023-02-10T11:00:00,9.5,7.7,6.1,79.54,0,0,,0,0,18.4,12,170,1023.2,91.5,16,347,1.2,3,10,Overcast,cloudy,KSEA
seattle_wa,2023-02-10T12:00:00,10.8,10.8,5.6,70.39,0,0,,0,0,18.4,18.7,163,1022.9,78.5,16,427,1.5,4,10,Partially cloudy,partly-cloudy-day,KSEA
seattle_wa,2023-02-10T13:00:00,11.1,11.1,4.4,63.43,0,0,,0,0,14.8,18,164,1022.7,30.8,16,386,1.4,4,10,Partially cloudy,partly-cloudy-day,72793024233
seattle_wa,2023-02-10T14:00:00,11,11,3.2,58.61,0,0,,0,0,14.8,13.7,200,1022.5,64.1,16,379,1.4,4,10,Partially cloudy,partly-cloudy-day,72793024233
seattle_wa,2023-02-10T15:00:00,11.5,11.5,3.5,57.7,0,0,,0,0,14.8,9,179,1022.1,39.3,16,308,1.1,3,10,Partially cloudy,partly-cloudy-day,72793024233
seattle_wa,2023-02-10T16:00:00,11.2,11.2,3.1,57.35,0,0,,0,0,5.4,7.1,162,1022.4,39.3,16,198,0.7,2,10,Partially cloudy,partly-cloudy-day,72793024233
seattle_wa,2023-02-10T17:00:00,10,10,2.9,61.17,0,0,,0,0,5.4,1.1,319,1022.6,39.3,16,23,0.1,0,10,Partially cloudy,partly-cloudy-day,72793024233
seattle_wa,2023-02-10T18:00:00,8.9,7.9,3.2,67.75,0,0,,0,0,5.4,7.1,309,1023,58.4,16,4,0,0,10,Partially cloudy,partly-cloudy-night,72793024233
seattle_wa,2023-02-10T19:00:00,7.6,7.6,3.3,74.15,0,0,,0,0,7.6,3.9,358,1023.5,41.8,16,3,0,0,10,Partially cloudy,partly-cloudy-night,72793024233
seattle_wa,2023-02-10T20:00:00,7.1,5.4,3.2,76,0,0,,0,0,7.6,9.2,339,1024.2,4.1,16,2,0,0,10,Clear,clear-night,72793024233
seattle_wa,2023-02-10T21:00:00,7.3,5.6,3.6,77.51,0,0,,0,0,7.6,9.2,29,1024.6,98.4,16,2,0,0,10,Overcast,cloudy,72793024233
seattle_wa,2023-02-10T22:00:00,7.1,7.1,3.7,78.85,0,0,,0,0,7.6,3.8,6,1024.9,98.4,16,2,0,0,10,Overcast,cloudy,72793024233
seattle_wa,2023-02-10T23:00:00,7,6.5,3.6,78.69,0,0,,0,0,14.8,4.9,357,1025.4,92.6,16,0,,0,10,Overcast,cloudy,72793024233
seattle_wa,2023-02-11T00:00:00,7,7,3.4,77.57,0,0,,0,0,14.8,3.8,7,1025.8,90.2,16,0,,0,10,Overcast,cloudy,72793024233
seattle_wa,2023-02-11T01:00:00,6.6,5.2,3.4,79.83,0,0,,0,0,7.6,7.5,352,1025.8,98.4,16,0,,0,10,Overcast,cloudy,72793024233
seattle_wa,2023-02-11T02:00:00,6.3,6.3,3.1,79.72,0,0,,0,0,7.6,4.1,359,1026.2,87.6,16,0,,0,10,Partially cloudy,partly-cloudy-night,72793024233
seattle_wa,2023-02-11T03:00:00,6.2,6.2,3.1,80.41,0,0,,0,0,7.6,4.7,12,1026.2,96,16,0,,0,10,Overcast,cloudy,72793024233
seattle_wa,2023-02-11T04:00:00,5.8,5.8,2.6,80.23,0,0,,0,0,9.4,4.4,21,1026.4,34.7,16,0,,0,10,Partially cloudy,partly-cloudy-night,72793024233
seattle_wa,2023-02-11T05:00:00,3.9,3.9,2.1,87.91,0,0,,0,0,9.4,1.7,10,1026.2,18.2,16,0,,0,10,Clear,clear-night,72793024233
seattle_wa,2023-02-11T06:00:00,3.4,3.4,1.8,89.35,0,0,,0,0,9.4,1.7,13,1026.3,7.4,16,0,,0,10,Clear,clear-night,72793024233
seattle_wa,2023-02-11T07:00:00,3.2,3.2,1.3,87.07,0,0,,0,0,9.4,1.6,60,1026.7,0,16,0,,0,10,Clear,clear-night,72793024233
seattle_wa,2023-02-11T08:00:00,2.9,2.9,1.6,90.82,0,0,,0,0,9.4,1.4,13,1027.2,21.6,16,35,0.1,0,10,Partially cloudy,partly-cloudy-day,72793024233
seattle_wa,2023-02-11T09:00:00,5.3,4.3,2.8,84.28,0,0,,0,0,9.4,5.4,42,1027.2,91.4,16,134,0.5,1,10,Overcast,cloudy,72793024233
seattle_wa,2023-02-11T10:00:00,7,5.8,2.7,73.89,0,0,,0,0,7.6,6.9,3,1027.3,91.4,16,212,0.8,2,10,Overcast,cloudy,72793024233
seattle_wa,2023-02-11T11:00:00,7.2,5.6,2.2,70.45,0,0,,0,0,7.6,8.4,8,1027.2,91.4,16,356,1.3,4,10,Overcast,cloudy,72793024233
seattle_wa,2023-02-11T12:00:00,8.4,6.7,2.3,65.53,0,0,,0,0,7.6,9.9,338,1027.2,75.8,16,367,1.3,4,10,Partially cloudy,partly-cloudy-day,72793024233
seattle_wa,2023-02-11T13:00:00,8.8,8.8,2.2,63.3,0,0,,0,0,9.4,4.4,353,1026.4,64.1,16,358,1.3,4,10,Partially cloudy,partly-cloudy-day,72793024233
seattle_wa,2023-02-11T14:00:00,9.2,7,1.8,59.88,0,0,,0,0,9.4,14.9,329,1026.2,50.9,16,261,0.9,3,10,Partially cloudy,partly-cloudy-day,72793024233
seattle_wa,2023-02-11T15:00:00,8.9,7.1,1.7,60.5,0,0,,0,0,9.4,11,323,1025.9,55.8,16,219,0.8,2,10,Partially cloudy,partly-cloudy-day,72793024233
seattle_wa,2023-02-11T16:00:00,8.4,6.4,1.3,61.03,0,0,,0,0,13,11.9,322,1025.8,80.6,16,140,0.5,1,10,Partially cloudy,partly-cloudy-day,72793024233
seattle_wa,2023-02-11T17:00:00,7.9,5.6,1.4,63.87,0,0,,0,0,13,12.6,334,1026.1,55.8,16,35,0.1,0,10,Partially cloudy,partly-cloudy-day,72793024233
seattle_wa,2023-02-11T18:00:00,6.7,6.7,1.6,69.94,0,0,,0,0,13,2.3,2,1025.6,69.9,16,7,0,0,10,Partially cloudy,partly-cloudy-night,72793024233
seattle_wa,2023-02-11T19:00:00,6.3,6.3,1.4,70.97,0,0,,0,0,7.6,3.7,351,1025.8,13.2,16,5,0,0,10,Clear,clear-night,72793024233
seattle_wa,2023-02-11T20:00:00,5.6,5.6,1.5,74.97,0,0,,0,0,7.6,3,344,1025.3,13.2,16,4,0,0,10,Clear,clear-night,72793024233
seattle_wa,2023-02-11T21:00:00,4.8,4.8,1.5,79.7,0,0,,0,0,7.6,3.3,356,1025.5,7.4,16,3,0,0,10,Clear,clear-night,72793024233
seattle_wa,2023-02-11T22:00:00,4.7,4.7,1.5,80.06,0,0,,0,0,5.4,4.1,347,1026.3,7.4,16,2,0,0,10,Clear,clear-night,72793024233
seattle_wa,2023-02-11T23:00:00,3.6,3.6,1.6,86.84,0,0,,0,0,5.4,1.4,15,1025.8,7.4,16,0,,0,10,Clear,clear-night,72793024233
seattle_wa,2023-02-12T00:00:00,3.3,3.3,1.3,86.74,0,0,,0,0,5.4,1.1,15,1026.1,4.1,16,0,,0,10,Clear,clear-night,72793024233
seattle_wa,2023-02-12T01:00:00,2.1,2.1,0.5,89.52,0,0,,0,0,5.4,1.4,30,1026.2,0,16,0,,0,10,Clear,clear-night,72793024233
seattle_wa,2023-02-12T02:00:00,2,2,0.6,90.27,0,0,,0,0,5.4,1.1,10,1026.3,0,15.6,0,,0,10,Clear,clear-night,72793024233
seattle_wa,2023-02-12T03:00:00,1.2,-0.6,0.3,93.33,0,0,,0,0,5.4,6,139,1026.2,7.4,13.4,0,,0,10,Clear,clear-night,72793024233
seattle_wa,2023-02-12T04:00:00,0.9,0.9,-0.2,91.95,0,0,,0,0,5.4,4.3,122,1026.1,7.4,13.4,0,,0,10,Clear,clear-night,72793024233
seattle_wa,2023-02-12T05:00:00,0.4,0.4,-0.8,91.99,0,0,,0,0,5.4,0,0,1025.7,0,13.6,0,,0,10,Clear,clear-night,72793024233
seattle_wa,2023-02-12T06:00:00,0.3,0.3,-0.8,92.53,0,0,,0,0,5.4,2,87,1025.1,0,16,0,,0,10,Clear,clear-night,72793024233
seattle_wa,2023-02-12T07:00:00,0.6,-1.8,-0.3,93.71,0,0,,0,0,7.6,7.1,143,1024.9,60.8,11.9,0,,0,10,Partially cloudy,partly-cloudy-night,72793024233
seattle_wa,2023-02-12T08:00:00,1,1,0.2,93.88,0,0,,0,0,7.6,4.8,131,1025,71.1,9.5,39,0.1,0,10,Partially cloudy,partly-cloudy-day,72793024233
seattle_wa,2023-02-12T09:00:00,2.1,0.3,0.7,90.34,0,0,,0,0,7.6,6.3,161,1024.8,55.4,16,141,0.5,1,10,Partially cloudy,partly-cloudy-day,KSEA
seattle_wa,2023-02-12T10:00:00,3.9,3.9,1.5,84.49,0,0,,0,0,14.8,4.6,150,1024.8,45.1,16,230,0.8,2,10,Partially cloudy,partly-cloudy-day,72793024233
seattle_wa,2023-02-12T11:00:00,6.4,3.9,1.9,72.82,0,0,,0,0,14.8,12.6,159,1023.9,45.1,16,335,1.2,3,10,Partially cloudy,partly-cloudy-day,72793024233
seattle_wa,2023-02-12T12:00:00,8.2,6.2,2.7,68.43,0,0,,0,0,14.8,11.4,202,1023.4,66.5,16,409,1.5,4,10,Partially cloudy,partly-cloudy-day,72793024233
seattle_wa,2023-02-12T13:00:00,8.8,6.7,2.4,64.29,0,0,,0,0,25.9,12.9,162,1022.4,91.4,16,391,1.4,4,10,Overcast,cloudy,72793024233
seattle_wa,2023-02-12T14:00:00,9.2,8.5,2.1,61.28,0,0,,0,0,25.9,6.2,212,1021.4,93,16,353,1.3,4,10,Overcast,cloudy,72793024233
seattle_wa,2023-02-12T15:00:00,10.2,10.2,1.9,56.2,0,0,,0,0,25.9,10.7,188,1020.1,100,16,289,1,3,10,Overcast,cloudy,72793024233
seattle_wa,2023-02-12T16:00:00,10.2,10.2,2.1,57.35,0,0,,0,0,33.5,22.9,101,1018.9,100,16,152,0.5,2,10,Overcast,cloudy,72793024233
seattle_wa,2023-02-12T17:00:00,10.2,10.2,2.1,57.48,0,0,,0,0,33.5,12.9,169,1017.8,93,16,14,0.1,0,10,Overcast,cloudy,72793024233
seattle_wa,2023-02-12T18:00:00,10.3,10.3,1,52.49,0,0,,0,0,33.5,15.7,182,1016.8,93,16,5,0,0,10,Overcast,cloudy,72793024233
seattle_wa,2023-02-12T19:00:00,9.4,6,2.7,62.68,0,0,,0,0,44.3,27.9,68,1016,100,16,3,0,0,10,Overcast,cloudy,72793024233
seattle_wa,2023-02-12T20:00:00,9.3,6,3,64.43,0,0,,0,0,49.6,26.5,191,1015.7,100,16,2,0,0,10,Overcast,cloudy,72793024233
seattle_wa,2023-02-12T21:00:00,9.3,6,4,69.38,0,0,,0,0,50.2,25.1,190,1015.6,100,15.6,2,0,0,10,Overcast,cloudy,72793024233
seattle_wa,2023-02-12T22:00:00,8.7,5,4.4,74.47,0,0,,0,0,51.1,28.7,137,1014.5,100,16,2,0,0,10,Overcast,cloudy,72793024233
seattle_wa,2023-02-12T23:00:00,8.7,5.3,4.6,75.59,0,0,,0,0,44.6,24.6,178,1013.8,100,15.7,0,,0,10,Overcast,cloudy,72793024233
seattle_wa,2023-02-13T00:00:00,8.2,4.3,5.8,84.71,0.045,100,rain,0,0,48.1,29.1,188,1012.9,100,16,0,,0,10,Rain, Overcast,rain
seattle_wa,2023-02-13T01:00:00,8.3,4.6,5.1,80.56,0,0,,0,0,44.2,26.3,191,1012.9,98.4,16,0,,0,10,Overcast,cloudy,72793024233
seattle_wa,2023-02-13T02:00:00,7.4,3.8,3.4,75.63,0,0,,0,0,43.4,22.5,195,1012.6,30.8,16,0,,0,10,Partially cloudy,partly-cloudy-night,72793024233
seattle_wa,2023-02-13T03:00:00,6.7,3.7,2.8,76.31,0,0,,0,0,38.8,16.3,199,1012.2,7.4,16,0,,0,10,Clear,clear-night,72793024233
seattle_wa,2023-02-13T04:00:00,7,3.1,2.8,74.66,0,0,,0,0,47.9,25.8,277,1012.3,64.1,16,0,,0,10,Partially cloudy,partly-cloudy-night,72793024233
seattle_wa,2023-02-13T05:00:00,6.7,3,3.3,78.64,0,0,,0,0,40.3,22.5,196,1011.4,100,16,0,,0,10,Overcast,cloudy,72793024233
seattle_wa,2023-02-13T06:00:00,6.2,2.8,2.8,79.16,0,0,,0,0,43.7,18.6,201,1010.7,93,16,0,,0,10,Overcast,cloudy,72793024233
seattle_wa,2023-02-13T07:00:00,5.8,3.3,2.7,80.48,0,0,,0,0,24.1,11.4,210,1011,98.4,16,0,,0,10,Overcast,cloudy,72793024233
seattle_wa,2023-02-13T08:00:00,5.2,2.5,2.3,81.08,0,0,,0,0,24.1,12.2,173,1011.4,91.4,16,21,0.1,0,10,Overcast,cloudy,72793024233
seattle_wa,2023-02-13T09:00:00,5.2,2.6,2.1,80.29,0,0,,0,0,24.1,11.8,169,1011.3,91.4,16,79,0.3,1,10,Overcast,cloudy,72793024233
seattle_wa,2023-02-13T10:00:00,6.3,3.7,2.8,78.21,0,0,,0,0,24.1,12.6,184,1011.3,91.4,16,115,0.4,1,10,Overcast,cloudy,72793024233
seattle_wa,2023-02-13T11:00:00,6.7,4.3,2.8,75.79,0,0,,0,0,24.1,12.6,210,1011.2,100,16,241,0.9,2,10,Overcast,cloudy,72793024233
seattle_wa,2023-02-13T12:00:00,7.3,4.8,2.1,69.86,0,0,,0,0,33.5,13.5,208,1010.5,91.4,16,303,1.1,3,10,Overcast,cloudy,72793024233
seattle_wa,2023-02-13T13:00:00,7.9,4.3,2,66.22,0,0,,0,0,24.1,24.5,285,1009.4,91.5,16,323,1.2,3,10,Overcast,cloudy,KSEA
seattle_wa,2023-02-13T14:00:00,7.6,4.7,1.5,65.3,0,0,,0,0,37.1,17.1,206,1009.2,91.4,16,244,0.9,2,10,Overcast,cloudy,72793024233
seattle_wa,2023-02-13T15:00:00,7.7,4.6,1.9,67,0,0,,0,0,35.6,18.9,189,1008.5,90.6,16,139,0.5,1,10,Overcast,cloudy,72793024233
seattle_wa,2023-02-13T16:00:00,5.6,2,1.7,75.77,0,0,,0,0,32.6,19,308,1009.1,100,10.9,111,0.4,1,10,Overcast,cloudy,72793024233
seattle_wa,2023-02-13T17:00:00,4.1,2.3,2.5,89.19,0.069,100,rain,0,0,18.4,7.2,142,1009,92.5,16,25,0.1,0,10,Rain, Overcast,rain
seattle_wa,2023-02-13T18:00:00,4.5,2.4,2,83.38,0,0,,0,0,18.4,9,102,1008.8,98.4,16,5,0,0,10,Overcast,cloudy,72793024233
seattle_wa,2023-02-13T19:00:00,4.2,0.8,1.3,81.45,0,0,,0,0,13,14.8,125,1009.5,100,16,3,0,0,10,Overcast,cloudy,72793024233
seattle_wa,2023-02-13T20:00:00,3.5,1.6,0.8,82.37,3.487,100,rain,0,0,13,7.4,171,1010.9,100,13.1,2,0,0,10,Rain, Overcast,rain
seattle_wa,2023-02-13T21:00:00,2.2,0.2,0.8,90.3,0.961,100,rain,0,0,13,7,135,1012.2,100,9.7,2,0,0,10,Rain, Overcast,rain
seattle_wa,2023-02-13T22:00:00,0.8,-4,-0.2,92.95,0.21,100,rain,snow,0,0,14.8,18.1,63,1012.6,100,12.8,2,0,0,10,Snow, Rain
seattle_wa,2023-02-13T23:00:00,1.3,-2.2,0.4,93.82,0,0,,0,0,14.8,12.3,156,1013.2,100,14.8,0,,0,10,Overcast,cloudy,KSEA
seattle_wa,2023-02-14T00:00:00,1.4,-2,0.4,93.47,0,0,,0,0,14.8,11.3,153,1013.1,98.4,16,0,,0,10,Overcast,cloudy,72793024233
seattle_wa,2023-02-14T01:00:00,1,-2.6,-0.1,92.71,0,0,,0,0,7.6,11.7,125,1013,90.6,10.6,0,,0,10,Overcast,cloudy,72793024233
seattle_wa,2023-02-14T02:00:00,0.4,-2.4,-0.3,95.22,0,0,,0,0,7.6,8.4,145,1013.3,35.9,15.7,0,,0,10,Partially cloudy,partly-cloudy-night,72793024233
seattle_wa,2023-02-14T03:00:00,0.2,0.2,-0.8,93.33,0,0,,0,0,7.6,1.4,41,1013.6,35.9,16,0,,0,10,Partially cloudy,partly-cloudy-night,72793024233
seattle_wa,2023-02-14T04:00:00,-0.2,-0.2,-1.2,92.65,0,0,,0,0,11.2,0,100,1014.1,7.4,16,0,,0,10,Clear,clear-night,72793024233
seattle_wa,2023-02-14T05:00:00,-1.2,-1.2,-1.9,94.9,0,0,,0,0,11.2,0,0,1015,4.1,12.4,0,,0,10,Clear,clear-night,72793024233
seattle_wa,2023-02-14T06:00:00,-0.7,-0.7,-1.4,94.62,0,0,,0,0,11.2,1.1,21,1016.1,58.4,12.5,0,,0,10,Partially cloudy,partly-cloudy-night,72793024233
seattle_wa,2023-02-14T07:00:00,-0.4,-0.4,-1.2,94.26,0,0,,0,0,18.4,1.1,13,1017.2,41.5,14.1,0,,0,10,Partially cloudy,partly-cloudy-night,72793024233
seattle_wa,2023-02-14T08:00:00,1.4,1.4,-0.2,88.99,0,0,,0,0,18.4,1.8,32,1018.4,91.5,14.7,55,0.2,1,10,Overcast,cloudy,KSEA
seattle_wa,2023-02-14T09:00:00,2.5,0.3,0,83.14,0,0,,0,0,18.4,7.9,40,1019.6,83.2,15.4,176,0.6,2,10,Partially cloudy,partly-cloudy-day,72793024233
seattle_wa,2023-02-14T10:00:00,4,2.4,-0.1,74.54,0,0,,0,0,20.5,6.7,28,1020.6,7.4,16,272,1,3,10,Clear,clear-day,72793024233
seattle_wa,2023-02-14T11:00:00,5.3,3.8,-0.8,64.55,0,0,,0,0,20.5,7,10,1021.5,35.9,16,402,1.4,4,10,Partially cloudy,partly-cloudy-day,72793024233
seattle_wa,2023-02-14T12:00:00,5.6,2.5,-2.1,57.64,0,0,,0,0,35.3,14.5,331,1022.1,74.8,16,462,1.7,5,10,Partially cloudy,partly-cloudy-day,72793024233
seattle_wa,2023-02-14T13:00:00,5.8,1.5,-1.6,59.01,0,0,,0,0,18.4,25.7,353,1022.6,75.8,16,486,1.7,5,10,Partially cloudy,partly-cloudy-day,72793024233
seattle_wa,2023-02-14T14:00:00,5.7,2.8,-1.3,60.76,0,0,,0,0,18.4,13.6,352,1023.3,98.4,16,414,1.5,4,10,Overcast,cloudy,72793024233
seattle_wa,2023-02-14T15:00:00,5.7,3.9,-1.2,61.24,0,0,,0,0,18.4,8,5,1023.9,98.4,16,325,1.2,3,10,Overcast,cloudy,72793024233
seattle_wa,2023-02-14T16:00:00,5.8,5.8,-2.4,55.85,0,0,,0,0,14.8,3.7,6,1024.6,91.4,16,192,0.7,2,10,Overcast,cloudy,72793024233
seattle_wa,2023-02-14T17:00:00,5.9,5.2,-2.4,55.34,0,0,,0,0,14.8,4.8,40,1025.1,82.8,16,53,0.2,1,10,Partially cloudy,partly-cloudy-day,72793024233
seattle_wa,2023-02-14T18:00:00,4.7,4.7,-1.9,62.53,0,0,,0,0,14.8,1.4,31,1025.3,25,16,10,0,0,10,Partially cloudy,partly-cloudy-night,72793024233
seattle_wa,2023-02-14T19:00:00,2.9,2.9,-1.5,72.64,0,0,,0,0,7.6,1.2,303,1026.2,7.4,16,7,0,0,10,Clear,clear-night,72793024233
seattle_wa,2023-02-14T20:00:00,2.6,2.6,-1.5,74.48,0,0,,0,0,7.6,0,0,1026.6,7.4,16,5,0,0,10,Clear,clear-night,72793024233
seattle_wa,2023-02-14T21:00:00,1,-0.9,-1.5,83.4,0,0,,0,0,7.6,6,80,1027.2,7.4,16,4,0,0,10,Clear,clear-night,72793024233
seattle_wa,2023-02-14T22:00:00,0.5,0.5,-1.1,88.91,0,0,,0,0,7.6,1.7,31,1027.5,4.1,16,3,0,0,10,Clear,clear-night,72793024233
seattle_wa,2023-02-14T23:00:00,0.1,-2.5,-1.4,89.63,0,0,,0,0,7.6,7.6,138,1028,7.4,16,0,,0,10,Clear,clear-night,72793024233
seattle_wa,2023-02-15T00:00:00,-0.8,-3.9,-2,91.12,0,0,,0,0,7.6,8.8,145,1028.2,13.2,16,0,,0,10,Clear,clear-night,72793024233
seattle_wa,2023-02-15T01:00:00,-1.1,-4.3,-2.1,92.32,0,0,,0,0,7.6,9,145,1028.2,0,16,0,,0,10,Clear,clear-night,72793024233
seattle_wa,2023-02-15T02:00:00,-1.6,-4.5,-2.7,92.51,0,0,,0,0,7.6,7.8,147,1028.5,4.1,16,0,,0,10,Clear,clear-night,72793024233
seattle_wa,2023-02-15T03:00:00,-2.1,-5,-3.1,93.36,0,0,,0,0,7.6,7.4,149,1028.9,32.3,16,0,,0,10,Partially cloudy,partly-cloudy-night,72793024233
seattle_wa,2023-02-15T04:00:00,-1.6,-4.7,-3.1,89.85,0,0,,0,0,13,8.2,140,1028.9,4.1,16,0,,0,10,Clear,clear-night,72793024233
seattle_wa,2023-02-15T05:00:00,-1,-5,-2.8,87.75,0,0,,0,0,13,11.6,138,1028.9,4.1,16,0,,0,10,Clear,clear-night,72793024233
seattle_wa,2023-02-15T06:00:00,-1.7,-4.9,-3.3,88.87,0,0,,0,0,13,8.5,152,1029.2,25.5,16,0,,0,10,Partially cloudy,partly-cloudy-night,72793024233
seattle_wa,2023-02-15T07:00:00,-1.3,-3.7,-3.4,85.32,0,0,,0,0,13,6.4,156,1029.1,4.1,16,0,,0,10,Clear,clear-night,72793024233
seattle_wa,2023-02-15T08:00:00,-1,-3.3,-2.5,89.07,0,0,,0,0,13,6.5,154,1029.4,64.1,16,51,0.2,1,10,Partially cloudy,partly-cloudy-day,72793024233
seattle_wa,2023-02-15T09:00:00,0.7,-2.5,-2.3,80.22,0,0,,0,0,13,10.2,144,1029.5,34.7,16,172,0.6,2,10,Partially cloudy,partly-cloudy-day,72793024233
seattle_wa,2023-02-15T10:00:00,1.9,-0.7,-2.2,74.27,0,0,,0,0,14.8,8.7,149,1029.8,55.8,16,284,1,3,10,Partially cloudy,partly-cloudy-day,72793024233
seattle_wa,2023-02-15T11:00:00,3.9,2.3,-1.8,66.67,0,0,,0,0,14.8,6.2,67,1029.8,13.2,16,442,1.6,4,10,Clear,clear-day,72793024233
seattle_wa,2023-02-15T12:00:00,5.6,3.4,-1.7,59.47,0,0,,0,0,14.8,9.7,210,1029.6,13.2,16,479,1.7,5,10,Clear,clear-day,72793024233
seattle_wa,2023-02-15T13:00:00,6.6,4.6,-1.5,56.12,0,0,,0,0,14.8,10.1,220,1028.9,13.2,16,484,1.7,5,10,Clear,clear-day,72793024233
seattle_wa,2023-02-15T14:00:00,7.2,5,-1.8,52.78,0,0,,0,0,14.8,11.3,211,1028.3,30.7,16,400,1.4,4,10,Partially cloudy,partly-cloudy-day,72793024233
seattle_wa,2023-02-15T15:00:00,7.3,5.5,-1.8,52.44,0,0,,0,0,14.8,9.4,175,1027.7,13.2,16,324,1.2,3,10,Clear,clear-day,72793024233
seattle_wa,2023-02-15T16:00:00,7.3,5.7,-2.1,51.23,0,0,,0,0,9.4,8.3,190,1027.6,13.2,16,200,0.7,2,10,Clear,clear-day,72793024233
seattle_wa,2023-02-15T17:00:00,6.7,6.7,-2.2,52.78,0,0,,0,0,9.4,0,0,1027.3,25,16,43,0.2,0,10,Partially cloudy,partly-cloudy-day,72793024233
seattle_wa,2023-02-15T18:00:00,5.9,5.9,-2,56.87,0,0,,0,0,9.4,0,0,1027.2,74.8,16,8,0,0,10,Partially cloudy,partly-cloudy-night,72793024233
seattle_wa,2023-02-15T19:00:00,4.2,4.2,-1.8,64.7,0,0,,0,0,9.4,1.2,300,1027,70,16,5,0,0,10,Partially cloudy,partly-cloudy-night,72793024233
seattle_wa,2023-02-15T20:00:00,2.9,2.9,-1.8,70.99,0,0,,0,0,9.4,0.8,41,1026.6,25,16,4,0,0,10,Partially cloudy,partly-cloudy-night,72793024233
seattle_wa,2023-02-15T21:00:00,2.4,1.2,-1.4,76.12,0,0,,0,0,9.4,4.8,121,1026.3,7.4,16,3,0,0,10,Clear,clear-night,72793024233
seattle_wa,2023-02-15T22:00:00,1.9,0.4,-1.5,78.09,0,0,,0,0,9.4,5.4,121,1026,7.4,16,3,0,0,10,Clear,clear-night,72793024233
seattle_wa,2023-02-15T23:00:00,1,-1,-1.3,84.96,0,0,,0,0,9.4,6.3,149,1025.7,89,16,0,,0,10,Partially cloudy,partly-cloudy-night,72793024233
seattle_wa,2023-02-16T00:00:00,1.5,-0.5,-0.8,84.35,0,0,,0,0,9.4,6.7,128,1025.2,89,16,0,,0,10,Partially cloudy,partly-cloudy-night,72793024233
seattle_wa,2023-02-16T01:00:00,1.7,0.4,-0.8,83.54,0,0,,0,0,7.6,4.8,114,1024.5,7.4,16,0,,0,10,Clear,clear-night,72793024233
seattle_wa,2023-02-16T02:00:00,1.2,1.2,-1.2,83.68,0,0,,0,0,7.6,1.1,36,1023.8,13.3,16,0,,0,10,Clear,clear-night,72793024233
seattle_wa,2023-02-16T03:00:00,0.9,0.9,-1.2,85.62,0,0,,0,0,7.6,0,0,1023.4,13.2,16,0,,0,10,Clear,clear-night,72793024233
seattle_wa,2023-02-16T04:00:00,1.2,1.2,-0.9,85.66,0,0,,0,0,7.6,0,0,1022.8,7.4,16,0,,0,10,Clear,clear-night,72793024233
seattle_wa,2023-02-16T05:00:00,0.9,0.9,-1.2,85.62,0,0,,0,0,7.6,4.8,108,1022.5,13.2,16,0,,0,10,Clear,clear-night,72793024233
seattle_wa,2023-02-16T06:00:00,1,-0.8,-0.9,87.41,0,0,,0,0,7.6,5.6,71,1022.3,24,16,0,,0,10,Partially cloudy,partly-cloudy-night,72793024233
seattle_wa,2023-02-16T07:00:00,1.1,1.1,-1.2,84.44,0,0,,0,0,7.6,4.6,141,1021.9,24,16,0,,0,10,Partially cloudy,partly-cloudy-night,72793024233
seattle_wa,2023-02-16T08:00:00,1,-1.7,-1.2,84.89,0,0,,0,0,7.6,8.8,149,1022.3,43.1,15.6,38,0.1,0,10,Partially cloudy,partly-cloudy-day,72793024233
seattle_wa,2023-02-16T09:00:00,2.3,-0.7,-0.9,79.38,0,0,,0,0,7.6,10.6,161,1022.6,97.6,16,126,0.5,1,10,Overcast,cloudy,72793024233
seattle_wa,2023-02-16T10:00:00,3.9,1.3,-0.7,72.46,0,0,,0,0,11.2,10.1,150,1022.8,97.6,16,263,0.9,3,10,Overcast,cloudy,72793024233
seattle_wa,2023-02-16T11:00:00,5.2,3.1,0.3,70.5,0,0,,0,0,11.2,9.4,166,1022.7,100,16,337,1.2,3,10,Overcast,cloudy,72793024233
seattle_wa,2023-02-16T12:00:00,6.7,4.8,-0.4,60.56,0,0,,0,0,11.2,9.6,159,1022.2,100,16,353,1.3,4,10,Overcast,cloudy,72793024233
seattle_wa,2023-02-16T13:00:00,7.3,5.1,-1.2,54.74,0,0,,0,0,16.6,11.9,191,1021.9,100,16,397,1.4,4,10,Overcast,cloudy,72793024233
seattle_wa,2023-02-16T14:00:00,7.4,5.7,-1.2,54.44,0,0,,0,0,16.6,9.2,187,1021.7,100,16,290,1,3,10,Overcast,cloudy,72793024233
seattle_wa,2023-02-16T15:00:00,7.9,5.6,-1.1,52.94,0,0,,0,0,16.6,12.7,204,1021.8,100,16,241,0.9,2,10,Overcast,cloudy,72793024233
seattle_wa,2023-02-16T16:00:00,7.9,6.5,-1.3,52.53,0,0,,0,0,11.2,7.8,177,1021.9,100,16,146,0.5,1,10,Overcast,cloudy,72793024233
seattle_wa,2023-02-16T17:00:00,7.4,5.6,-0.8,56.02,0,0,,0,0,11.2,9.4,175,1022.1,100,16,33,0.1,0,10,Overcast,cloudy,72793024233
seattle_wa,2023-02-16T18:00:00,7.2,5.8,-0.4,58.49,0,0,,0,0,11.2,7.6,131,1022.3,100,16,7,0,0,10,Overcast,cloudy,72793024233
seattle_wa,2023-02-16T19:00:00,6.4,4.6,-0.1,63.24,0,0,,0,0,16.6,8.8,154,1022.4,100,16,5,0,0,10,Overcast,cloudy,72793024233
seattle_wa,2023-02-16T20:00:00,6.7,5.2,0.4,64.07,0,0,,0,0,16.6,7.9,143,1022.4,100,16,4,0,0,10,Overcast,cloudy,72793024233
seattle_wa,2023-02-16T21:00:00,6.3,4.3,0.8,67.9,0,0,,0,0,20.5,9.5,150,1022.3,100,16,3,0,0,10,Overcast,cloudy,72793024233
seattle_wa,2023-02-16T22:00:00,6.6,5.5,0.9,66.75,0,0,,0,0,27.7,6.2,143,1022.6,100,16,2,0,0,10,Overcast,cloudy,72793024233
seattle_wa,2023-02-16T23:00:00,6.5,5.1,1.5,70.19,0,0,,0,0,27.7,7.6,97,1022.8,100,16,0,,0,10,Overcast,cloudy,72793024233
seattle_wa,2023-02-17T00:00:00,6.2,4.3,1.4,71.57,0,0,,0,0,27.7,8.7,177,1022.9,100,16,0,,0,10,Overcast,cloudy,72793024233
seattle_wa,2023-02-17T01:00:00,6.6,5,1.3,68.92,0,0,,0,0,31.3,8.4,174,1023.1,100,16,0,,0,10,Overcast,cloudy,72793024233
seattle_wa,2023-02-17T02:00:00,6.6,4.2,0.5,64.78,0,0,,0,0,31.3,12.1,139,1023.3,100,16,0,,0,10,Overcast,cloudy,72793024233
seattle_wa,2023-02-17T03:00:00,6.9,5,0.5,63.38,0,0,,0,0,31.3,10.2,92,1023.2,100,16,0,,0,10,Overcast,cloudy,72793024233
seattle_wa,2023-02-17T04:00:00,6.1,4.2,1.9,74.39,0,0,,0,0,18.4,8.8,199,1023.5,100,16,0,,0,10,Overcast,cloudy,72793024233
seattle_wa,2023-02-17T05:00:00,6,6,2.5,78.14,0.277,100,rain,0,0,18.4,4.6,245,1023.6,100,12.2,0,,0,10,Rain, Overcast,rain
seattle_wa,2023-02-17T06:00:00,4.5,3.2,3.6,93.99,0.584,100,rain,0,0,18.4,5.9,112,1023.8,100,2.9,0,,0,10,Rain, Overcast,rain
seattle_wa,2023-02-17T07:00:00,4.5,4.5,3.7,94.63,1.425,100,rain,0,0,7.6,4.6,112,1023.9,100,2.9,0,,0,10,Rain, Overcast,rain
seattle_wa,2023-02-17T08:00:00,4.5,2.7,3.8,95.27,0.34,100,rain,0,0,7.6,7.5,160,1023.9,100,3.1,9,0,0,10,Rain, Overcast,rain
seattle_wa,2023-02-17T09:00:00,5.1,5.1,4.2,93.61,0.741,100,rain,0,0,7.6,1.2,45,1024.7,100,6.4,32,0.1,0,10,Rain, Overcast,rain
seattle_wa,2023-02-17T10:00:00,5.1,3.6,4.3,94.32,0,0,,0,0,7.6,7.1,150,1024.9,100,2.2,50,0.2,1,10,Overcast,cloudy,KSEA
seattle_wa,2023-02-17T11:00:00,5.7,4.1,4.3,90.72,0.025,100,rain,0,0,7.6,7.6,192,1025,100,3.1,105,0.4,1,10,Rain, Overcast,rain
seattle_wa,2023-02-17T12:00:00,6.2,4,4.4,88.37,0,0,,0,0,7.6,10.3,204,1024.9,100,7,117,0.4,1,10,Overcast,cloudy,72793024233
seattle_wa,2023-02-17T13:00:00,6.3,5.1,4.8,90.24,0,0,,0,0,9.4,6.3,225,1024.8,100,11.7,122,0.4,1,10,Overcast,cloudy,KSEA
seattle_wa,2023-02-17T14:00:00,6.4,5.5,4.8,89.22,0,0,,0,0,9.4,5.7,203,1024.8,99,11.9,162,0.6,2,10,Overcast,cloudy,KSEA
seattle_wa,2023-02-17T15:00:00,7.1,6.6,4.1,81.07,0,0,,0,0,9.4,4.9,112,1024.6,99,13.9,141,0.5,1,10,Overcast,cloudy,KSEA
seattle_wa,2023-02-17T16:00:00,7.4,7.4,3.6,76.43,0,0,,0,0,14.8,0.8,319,1024.1,98.4,16,85,0.3,1,10,Overcast,cloudy,72793024233
seattle_wa,2023-02-17T17:00:00,7.5,7.5,3.6,75.93,0,0,,0,0,14.8,0,0,1023.9,91.4,16,35,0.1,0,10,Overcast,cloudy,72793024233
seattle_wa,2023-02-17T18:00:00,6.5,5.2,3.7,82.3,0,0,,0,0,14.8,6.8,48,1023.9,96,16,5,0,0,10,Overcast,cloudy,72793024233
seattle_wa,2023-02-17T19:00:00,6.4,6.4,3.8,84.03,0,0,,0,0,16.6,1.9,31,1023.4,96,16,3,0,0,10,Overcast,cloudy,72793024233
seattle_wa,2023-02-17T20:00:00,6.1,4.6,3.8,85.44,0.509,100,rain,0,0,16.6,7.1,136,1023.2,98.4,10.9,2,0,0,10,Rain, Overcast,rain
seattle_wa,2023-02-17T21:00:00,5.6,5.6,3.7,87.53,0,0,,0,0,16.6,2.3,26,1023.3,99,16,2,0,0,10,Overcast,cloudy,KSEA
seattle_wa,2023-02-17T22:00:00,6,4.7,3.6,84.74,0,0,,0,0,14.8,6.5,216,1023.4,97.6,16,2,0,0,10,Overcast,cloudy,72793024233
seattle_wa,2023-02-17T23:00:00,5.9,4,3.1,82.2,0,0,,0,0,14.8,8.7,187,1022.9,90.6,16,0,,0,10,Overcast,cloudy,72793024233
seattle_wa,2023-02-18T00:00:00,5.3,2.6,3.1,86.2,0,0,,0,0,14.8,12,154,1022.7,100,16,0,,0,10,Overcast,cloudy,KSEA
seattle_wa,2023-02-18T01:00:00,5.2,2.6,3,85.98,0,0,,0,0,20.5,11.3,157,1022.7,100,16,0,,0,10,Overcast,cloudy,72793024233
seattle_wa,2023-02-18T02:00:00,5.2,2.6,2.7,83.5,0,0,,0,0,20.5,11.6,151,1022.3,100,16,0,,0,10,Overcast,cloudy,72793024233
seattle_wa,2023-02-18T03:00:00,5.4,2.8,2.9,83.88,0,0,,0,0,20.5,11.3,157,1021.7,100,16,0,,0,10,Overcast,cloudy,72793024233
seattle_wa,2023-02-18T04:00:00,5.7,2.9,2.6,80.77,0,0,,0,0,16.6,13.1,164,1021.2,100,16,0,,0,10,Overcast,cloudy,72793024233
seattle_wa,2023-02-18T05:00:00,5.7,2.2,2.9,82.62,0,0,,0,0,16.6,17.8,173,1020.7,100,16,0,,0,10,Overcast,cloudy,72793024233
seattle_wa,2023-02-18T06:00:00,5.7,2.2,2.5,80.35,0,0,,0,0,16.6,17.9,167,1019.9,100,16,0,,0,10,Overcast,cloudy,72793024233
seattle_wa,2023-02-18T07:00:00,5.7,2.5,2.8,81.57,0,0,,0,0,24.1,15.9,162,1020.3,100,16,0,,0,10,Overcast,cloudy,72793024233
seattle_wa,2023-02-18T08:00:00,5.2,2,3,85.41,0,0,,0,0,24.1,15.8,159,1019.8,100,16,32,0.1,0,10,Overcast,cloudy,72793024233
seattle_wa,2023-02-18T09:00:00,6.2,3,2.9,79.62,0,0,,0,0,24.1,16.4,177,1019.8,100,16,48,0.2,0,10,Overcast,cloudy,72793024233
seattle_wa,2023-02-18T10:00:00,6.3,3.8,3.6,83,0,0,,0,0,22.3,12,166,1020.1,100,16,70,0.3,1,10,Overcast,cloudy,72793024233
seattle_wa,2023-02-18T11:00:00,6.7,4,4.8,87.38,0,0,,0,0,22.3,14.1,167,1019.9,100,13.4,86,0.3,1,10,Overcast,cloudy,KSEA
seattle_wa,2023-02-18T12:00:00,8.2,6.4,4.8,79.47,0,0,,0,0,22.3,10.4,169,1019.5,100,16,115,0.4,1,10,Overcast,cloudy,72793024233
seattle_wa,2023-02-18T13:00:00,7.8,5.8,5.9,88.24,0.025,100,rain,0,0,7.6,10.8,217,1019.7,100,4.3,183,0.7,2,10,Rain, Overcast,rain
seattle_wa,2023-02-18T14:00:00,7.9,7.9,6.2,89.21,0.045,100,rain,0,0,7.6,4.6,303,1020.1,100,5.6,138,0.5,1,10,Rain, Overcast,rain
seattle_wa,2023-02-18T15:00:00,8.3,8.3,6.2,86.4,0.045,100,rain,0,0,7.6,1.2,60,1019.9,100,14.5,169,0.6,2,10,Rain, Overcast,rain
seattle_wa,2023-02-18T16:00:00,8.3,6.6,5.8,83.95,0,0,,0,0,14.8,9.9,351,1020.2,100,14.1,123,0.4,1,10,Overcast,cloudy,72793024233
seattle_wa,2023-02-18T17:00:00,7.8,5.5,5.2,84.1,0,0,,0,0,11.2,12.8,330,1021,100,16,25,0.1,0,10,Overcast,cloudy,72793024233
seattle_wa,2023-02-18T18:00:00,7.3,6,4.9,84.93,0,0,,0,0,1.8,7.3,336,1021.4,100,16,1,0,0,10,Overcast,cloudy,KSEA
seattle_wa,2023-02-18T19:00:00,7.1,5.3,4.4,82.52,0,0,,0,0,5.4,9.5,343,1022.2,100,16,1,0,0,10,Overcast,cloudy,72793024233
seattle_wa,2023-02-18T20:00:00,7,7,4.3,82.69,0,0,,0,0,5.4,3.3,358,1022.6,100,16,1,0,0,10,Overcast,cloudy,72793024233
seattle_wa,2023-02-18T21:00:00,6.4,6.4,3.8,83.16,0,0,,0,0,1.8,1.1,357,1023.7,97.6,16,1,0,0,10,Overcast,cloudy,72793024233
seattle_wa,2023-02-18T22:00:00,6.3,6.3,4,85.15,0,0,,0,0,11.2,0,170,1023.9,98.4,16,1,0,0,10,Overcast,cloudy,72793024233
seattle_wa,2023-02-18T23:00:00,6.2,6.2,4.1,86.41,0,0,,0,0,5.4,0.8,329,1023.5,100,16,0,,0,10,Overcast,cloudy,72793024233
seattle_wa,2023-02-19T00:00:00,6,6,4.3,88.83,0,0,,0,0,5.4,0.8,342,1024,100,16,0,,0,10,Overcast,cloudy,72793024233
seattle_wa,2023-02-19T01:00:00,6,6,4.3,88.83,0,0,,0,0,5.4,0,160,1024.4,100,16,0,,0,10,Overcast,cloudy,72793024233
seattle_wa,2023-02-19T02:00:00,5.2,5.2,4.3,93.45,0,0,,0,0,7.6,4.2,119,1024.8,100,16,0,,0,10,Overcast,cloudy,72793024233
seattle_wa,2023-02-19T03:00:00,5.2,3.5,4.3,93.45,0,0,,0,0,9.4,7.6,139,1024,100,14.5,0,,0,10,Overcast,cloudy,72793024233
seattle_wa,2023-02-19T04:00:00,5.8,4.3,4.8,93.33,0,0,,0,0,7.6,6.9,147,1024.3,100,10,0,,0,10,Overcast,cloudy,72793024233
seattle_wa,2023-02-19T05:00:00,5.8,4.1,4.9,94.24,0,0,,0,0,7.6,7.9,78,1024.5,100,8.1,0,,0,10,Overcast,cloudy,72793024233
seattle_wa,2023-02-19T06:00:00,5.9,3.6,4.7,92.09,0,0,,0,0,7.6,10.7,151,1024.7,100,14.1,0,,0,10,Overcast,cloudy,72793024233
seattle_wa,2023-02-19T07:00:00,5.9,3.3,4.7,92.09,0,0,,0,0,9.4,11.9,151,1024.5,100,14.1,0,,0,10,Overcast,cloudy,72793024233
seattle_wa,2023-02-19T08:00:00,5.9,3.5,4.7,92.09,0,0,,0,0,13,11.3,152,1024.4,100,13.4,21,0.1,0,10,Overcast,cloudy,72793024233
seattle_wa,2023-02-19T09:00:00,6.4,4.6,4.8,89.27,0.104,100,rain,0,0,11.2,8.7,124,1025,100,10.6,54,0.2,1,10,Rain, Overcast,rain
seattle_wa,2023-02-19T10:00:00,6.9,3.8,5.2,89,0,0,,0,0,27.7,17.1,159,1024.3,100,13,80,0.3,1,10,Overcast,cloudy,72793024233
seattle_wa,2023-02-19T11:00:00,7.3,4.5,4.7,83.7,0,0,,0,0,24.1,15.4,163,1024.8,100,11.4,174,0.6,2,10,Overcast,cloudy,72793024233
seattle_wa,2023-02-19T12:00:00,7.9,5.3,4.6,79.77,0,0,,0,0,31.7,14.8,179,1024.4,100,13.4,206,0.7,2,10,Overcast,cloudy,72793024233
seattle_wa,2023-02-19T13:00:00,8,4.9,4.7,79.84,0,0,,0,0,24.1,19,179,1023.5,100,12.7,157,0.6,2,10,Overcast,cloudy,72793024233
seattle_wa,2023-02-19T14:00:00,7.8,5.5,4.9,81.63,0,0,,0,0,24.1,13.2,137,1023.7,100,9.7,187,0.7,2,10,Overcast,cloudy,72793024233
seattle_wa,2023-02-19T15:00:00,7.4,5.1,6,90.48,0,0,,0,0,24.1,12.8,142,1023,100,5.5,93,0.3,1,10,Overcast,cloudy,72793024233
seattle_wa,2023-02-19T16:00:00,8,6.1,6.5,90.26,0,0,,0,0,22.3,10.7,138,1022.6,100,9.8,34,0.1,0,10,Overcast,cloudy,72793024233
seattle_wa,2023-02-19T17:00:00,8.7,6.7,6.9,87.99,0,0,,0,0,38.9,13,159,1022.1,100,12.8,10,0,0,10,Overcast,cloudy,72793024233
seattle_wa,2023-02-19T18:00:00,8.9,6.3,5.9,81.41,0,0,,0,0,35.3,17.3,187,1022.3,100,16,1,0,0,10,Overcast,cloudy,72793024233
seattle_wa,2023-02-19T19:00:00,8.4,5.7,5.9,84.21,0.038,100,rain,0,0,47.9,16.5,181,1022.9,100,12.9,1,0,0,10,Rain, Overcast,rain
seattle_wa,2023-02-19T20:00:00,8.1,5.4,5.9,86.05,0.097,100,rain,0,0,24.1,16,168,1023,100,16,0,,0,10,Rain, Overcast,rain
seattle_wa,2023-02-19T21:00:00,8.1,5.4,5.9,86.05,0,0,,0,0,24.1,16.3,174,1023.3,100,16,0,,0,10,Overcast,cloudy,72793024233
seattle_wa,2023-02-19T22:00:00,8.1,5.2,5.9,86.05,0,0,,0,0,27.7,17.6,172,1023.5,100,16,0,,0,10,Overcast,cloudy,72793024233
seattle_wa,2023-02-19T23:00:00,8,5,5.9,86.67,0,0,,0,0,27.7,17.9,157,1023.2,100,16,0,,0,10,Overcast,cloudy,72793024233
seattle_wa,2023-02-20T00:00:00,8.1,5.5,5.9,86.05,0,0,,0,0,25.9,15.3,167,1022.9,93,16,0,,0,10,Overcast,cloudy,72793024233
seattle_wa,2023-02-20T01:00:00,8,5.3,5.9,86.61,0.074,100,rain,0,0,24.1,15.9,160,1022.9,93,16,0,,0,10,Rain, Overcast,rain
seattle_wa,2023-02-20T02:00:00,8.1,5.6,6,86.62,0,0,,0,0,24.1,14.9,170,1023.3,100,16,0,,0,10,Overcast,cloudy,72793024233
seattle_wa,2023-02-20T03:00:00,8.4,5.6,6,84.77,0,0,,0,0,25.9,17.8,174,1022.9,100,16,0,,0,10,Overcast,cloudy,72793024233
seattle_wa,2023-02-20T04:00:00,8.4,5.6,5.9,84.21,0,0,,0,0,40.7,17.6,178,1022.9,100,16,0,,0,10,Overcast,cloudy,72793024233
seattle_wa,2023-02-20T05:00:00,8.1,5,5.9,86.05,0,0,,0,0,9.4,19.7,176,1022.4,100,16,0,,0,10,Overcast,cloudy,72793024233
seattle_wa,2023-02-20T06:00:00,8.4,5.7,5.9,84.21,0,0,,0,0,9.4,16.8,179,1022.2,100,16,0,,0,10,Overcast,cloudy,72793024233
seattle_wa,2023-02-20T07:00:00,7.9,5.1,6.1,88.48,0.427,100,rain,0,0,35.3,16.8,174,1022.3,100,16,0,,0,10,Rain, Overcast,rain
seattle_wa,2023-02-20T08:00:00,8.4,5.5,6.1,85.4,0.022,100,rain,0,0,31.7,18.4,182,1022.6,100,15.6,19,0.1,0,10,Rain, Overcast,rain
seattle_wa,2023-02-20T09:00:00,8.4,5.3,6.4,87.49,0.353,100,rain,0,0,35.2,20.9,182,1022.2,100,12.5,51,0.2,1,10,Rain, Overcast,rain
seattle_wa,2023-02-20T10:00:00,8.3,4.3,6.4,88.13,0.236,100,rain,0,0,55.4,30.3,31,1021.8,100,16,66,0.2,1,10,Rain, Overcast,rain
seattle_wa,2023-02-20T11:00:00,8.4,4.7,6.1,85.4,0,0,,0,0,51.1,27.2,171,1020.8,100,16,56,0.2,1,10,Overcast,cloudy,72793024233
seattle_wa,2023-02-20T12:00:00,8.8,5.3,6,82.61,0,0,,0,0,51.7,26.5,178,1020,100,16,48,0.2,0,10,Overcast,cloudy,72793024233
seattle_wa,2023-02-20T13:00:00,8.6,4.6,5.9,83.18,0,0,,0,0,55.4,31.3,285,1019.4,93,15.3,54,0.2,1,10,Overcast,cloudy,72793024233
seattle_wa,2023-02-20T14:00:00,8.9,4.8,5.6,79.63,0,0,,0,0,61.2,34.2,191,1017.7,93,16,81,0.3,1,10,Overcast,cloudy,72793024233
seattle_wa,2023-02-20T15:00:00,8.8,4.7,5.6,80.8,0,0,,0,0,58.9,33.8,185,1016.4,92.5,14.9,59,0.2,1,10,Overcast,cloudy,KSEA
seattle_wa,2023-02-20T16:00:00,8.4,4.2,6.5,87.94,0,0,,0,0,57.2,33.9,189,1015.6,100,12.2,36,0.1,0,10,Overcast,cloudy,72793024233
seattle_wa,2023-02-20T17:00:00,8.5,4.9,6,84.16,0,0,,0,0,56.1,26.1,198,1013.6,100,14.1,10,0,0,10,Overcast,cloudy,72793024233
seattle_wa,2023-02-20T18:00:00,7.9,3.7,6.5,91.11,0.17,100,rain,0,0,54,31.1,189,1010.6,100,4.6,1,0,0,10,Rain, Overcast,rain
seattle_wa,2023-02-20T19:00:00,7.9,3.9,6.5,91.11,0.384,100,rain,0,0,54.3,28.2,193,1009.3,100,4.4,1,0,0,10,Rain, Overcast,rain
seattle_wa,2023-02-20T20:00:00,8,4.4,6.6,91.26,0.47,100,rain,0,0,45.8,24.4,191,1008.3,100,4,0,,0,10,Rain, Overcast,rain
seattle_wa,2023-02-20T21:00:00,8.7,5.4,6.6,86.77,0.045,100,rain,0,0,49,23.2,197,1006.7,100,14.9,0,,0,10,Rain, Overcast,rain
seattle_wa,2023-02-20T22:00:00,8.4,5.2,5.8,83.67,0,0,,0,0,46.9,21.6,201,1005.8,65.8,16,0,,0,10,Partially cloudy,partly-cloudy-night,72793024233
seattle_wa,2023-02-20T23:00:00,7.8,5.4,3.3,73.14,0,0,,0,0,40.7,13.3,238,1005.8,7.4,16,0,,0,10,Clear,clear-night,72793024233
seattle_wa,2023-02-21T00:00:00,6.3,2.9,1.6,71.98,0,0,,0,0,45.3,18.5,250,1005.9,4.1,16,0,,0,10,Clear,clear-night,72793024233
seattle_wa,2023-02-21T01:00:00,5.7,1.7,1.6,75.24,0,0,,0,0,51.5,22,222,1005.7,9.9,16,0,,0,10,Clear,clear-night,72793024233
seattle_wa,2023-02-21T02:00:00,5.2,2.7,1.6,77.43,0,0,,0,0,43.3,11.1,182,1006.3,19.1,16,0,,0,10,Clear,clear-night,72793024233
seattle_wa,2023-02-21T03:00:00,5.2,2.8,1.5,77.53,0,0,,0,0,47.1,10.1,133,1006,98.4,16,0,,0,10,Overcast,cloudy,72793024233
seattle_wa,2023-02-21T04:00:00,5.2,1.7,1.4,76.88,0,0,,0,0,29.2,16.7,199,1005.4,91.4,16,0,,0,10,Overcast,cloudy,72793024233
seattle_wa,2023-02-21T05:00:00,4.6,1,1.1,78.15,0,0,,0,0,37.8,16.3,177,1005,98.4,16,0,,0,10,Overcast,cloudy,72793024233
seattle_wa,2023-02-21T06:00:00,4.6,1.8,1.5,80.82,0,0,,0,0,37.1,11.4,167,1004.5,98.4,16,0,,0,10,Overcast,cloudy,72793024233
seattle_wa,2023-02-21T07:00:00,4.4,1.1,1.1,78.92,0,0,,0,0,25.9,14.5,203,1003.5,98.4,16,0,,0,10,Overcast,cloudy,72793024233
seattle_wa,2023-02-21T08:00:00,4.6,1.7,1.1,78.15,0,0,,0,0,25.9,12.3,182,1002.9,91.4,16,37,0.1,0,10,Overcast,cloudy,72793024233
seattle_wa,2023-02-21T09:00:00,5,2.3,1.4,77.45,0,0,,0,0,31.7,12.3,170,1002.2,98.4,16,156,0.6,2,10,Overcast,cloudy,72793024233
seattle_wa,2023-02-21T10:00:00,5.7,3,1.4,74.2,0,0,,0,0,37.1,12.2,175,1001.8,91.4,16,282,1,3,10,Overcast,cloudy,72793024233
seattle_wa,2023-02-21T11:00:00,6.2,3.1,1.6,72.51,0,0,,0,0,22.3,15.6,177,1001.4,91.4,16,379,1.4,4,10,Overcast,cloudy,72793024233
seattle_wa,2023-02-21T12:00:00,7.5,4.8,1.5,65.92,0,0,,0,0,33.5,14.7,218,1000.5,91.4,16,298,1.1,3,10,Overcast,cloudy,72793024233
seattle_wa,2023-02-21T13:00:00,7.1,4.7,1.9,69.58,0,0,,0,0,9.4,13,217,999.8,98.4,16,371,1.3,4,10,Overcast,cloudy,72793024233
seattle_wa,2023-02-21T14:00:00,4.8,1.9,1.8,81.25,0.025,100,rain,0,0,27.7,12.7,220,999.6,92.5,11.7,312,1.1,3,10,Rain, Overcast,rain
seattle_wa,2023-02-21T15:00:00,5.6,3.5,1.7,76.24,0.038,100,rain,0,0,9.4,9,147,999.1,66.5,16,274,1,3,10,Rain, Partially cloudy,rain
seattle_wa,2023-02-21T16:00:00,6.3,3.9,2,74.23,0,0,,0,0,9.4,11.6,150,998.9,75.8,16,147,0.5,1,10,Partially cloudy,partly-cloudy-day,72793024233
seattle_wa,2023-02-21T17:00:00,6,2.9,2,75.92,0,0,,0,0,9.4,15.1,136,998.8,98.4,16,44,0.2,0,10,Overcast,cloudy,72793024233
seattle_wa,2023-02-21T18:00:00,4,0.4,1.9,85.77,0,0,,0,0,9.4,16.4,130,998.8,98.4,16,8,0,0,10,Overcast,cloudy,72793024233
seattle_wa,2023-02-21T19:00:00,4,1.9,1.4,83.26,0,0,,0,0,7.6,8.4,57,998.9,98.4,16,5,0,0,10,Overcast,cloudy,72793024233
seattle_wa,2023-02-21T20:00:00,3.9,1.6,1.5,84.91,0,0,,0,0,7.6,8.6,99,998.9,100,16,4,0,0,10,Overcast,cloudy,72793024233
seattle_wa,2023-02-21T21:00:00,3.9,1.4,1.9,86.67,0,0,,0,0,7.6,9.8,121,999.1,100,16,3,0,0,10,Overcast,cloudy,72793024233
seattle_wa,2023-02-21T22:00:00,3.6,0.8,1,83.02,0,0,,0,0,7.6,10.7,166,999.3,89,16,3,0,0,10,Partially cloudy,partly-cloudy-night,72793024233
seattle_wa,2023-02-21T23:00:00,2.7,2.7,0.9,87.68,0,0,,0,0,7.6,4.6,104,999.6,30.7,16,0,,0,10,Partially cloudy,partly-cloudy-night,72793024233
seattle_wa,2023-02-22T00:00:00,2.2,2.2,0.6,88.86,0,0,,0,0,7.6,4.6,111,999.7,52.2,16,0,,0,10,Partially cloudy,partly-cloudy-night,72793024233
seattle_wa,2023-02-22T01:00:00,1.9,1.9,0.6,91.54,0,0,,0,0,14.8,1.1,33,999.9,64.1,16,0,,0,10,Partially cloudy,partly-cloudy-night,72793024233
seattle_wa,2023-02-22T02:00:00,2.2,2.2,1.1,92.27,0,0,,0,0,14.8,1.1,21,1000,100,16,0,,0,10,Overcast,cloudy,72793024233
seattle_wa,2023-02-22T03:00:00,2.4,2.4,1.1,90.73,0,0,,0,0,14.8,0.8,33,1000.1,100,16,0,,0,10,Overcast,cloudy,72793024233
seattle_wa,2023-02-22T04:00:00,2.3,2.3,1.1,91.36,0,0,,0,0,18.4,0,0,1000.1,100,16,0,,0,10,Overcast,cloudy,72793024233
seattle_wa,2023-02-22T05:00:00,2.1,-0.7,0.8,91.27,0,0,,0,0,18.4,9.6,331,1000.4,100,12.2,0,,0,10,Overcast,cloudy,72793024233
seattle_wa,2023-02-22T06:00:00,1.4,-2.6,-0.5,87.21,0,0,,0,0,32.2,14.4,344,1000.9,100,11.4,0,,0,10,Overcast,cloudy,KSEA
seattle_wa,2023-02-22T07:00:00,1.2,-1.5,-0.9,86.12,0.041,100,rain,snow,0,0,33.5,8.7,355,1001.6,100,9.6,0,,0,10,Snow, Rain
seattle_wa,2023-02-22T08:00:00,0.2,-4.2,-1.2,90.37,0,0,,0.8,0.8,5.4,15,4,1002,99,1.9,43,0.2,0,10,Overcast,snow,KSEA
seattle_wa,2023-02-22T09:00:00,0.2,-3.6,-1.6,87.9,0,0,,0.7,1.5,33.5,12.1,4,1002.4,98.4,15.3,117,0.4,1,10,Overcast,snow,72793024233
seattle_wa,2023-02-22T10:00:00,1,-2.8,-1.4,84.09,0,0,,0,1.4,31.7,13.1,8,1002.5,80.6,16,212,0.8,2,10,Partially cloudy,partly-cloudy-day,72793024233
seattle_wa,2023-02-22T11:00:00,1.6,-2.8,-1.6,78.89,0,0,,0,1.1,33.5,17.4,16,1002.7,98.4,16,365,1.3,4,10,Overcast,cloudy,72793024233
seattle_wa,2023-02-22T12:00:00,2,-2.2,-1.6,76.72,0,0,,0,0.7,29.5,17.1,357,1002.7,98.4,16,446,1.6,4,10,Overcast,cloudy,72793024233
seattle_wa,2023-02-22T13:00:00,2.4,-1.7,-1.5,75.2,0,0,,0,0,34.4,16.6,3,1002.1,98.4,16,417,1.5,4,10,Overcast,cloudy,72793024233
seattle_wa,2023-02-22T14:00:00,3.2,-0.5,-1.3,72.34,0,0,,0,0,34.5,15.6,2,1001.8,87.6,16,325,1.2,3,10,Partially cloudy,partly-cloudy-day,72793024233
seattle_wa,2023-02-22T15:00:00,2.4,-1.9,-1.9,72.82,0,0,,0,0,32.6,18.6,349,1001.7,98.4,16,268,1,3,10,Overcast,cloudy,72793024233
seattle_wa,2023-02-22T16:00:00,2.3,-1.6,-2.4,70.66,0,0,,0,0,31.7,15.3,1,1001.8,98.4,16,206,0.7,2,10,Overcast,cloudy,72793024233
seattle_wa,2023-02-22T17:00:00,1.9,-1.2,-2.6,71.7,0,0,,0,0,22.3,10.9,3,1001.9,100,16,52,0.2,1,10,Overcast,cloudy,72793024233
seattle_wa,2023-02-22T18:00:00,1.9,-1.5,-4.8,61.08,0,0,,0,0,31.7,12.2,48,1002.3,98.4,16,8,0,0,10,Overcast,cloudy,72793024233
seattle_wa,2023-02-22T19:00:00,1.3,-3.5,-7.8,50.83,0,0,,0,0,13,19.3,117,1002.7,100,16,5,0,0,10,Overcast,cloudy,KSEA
seattle_wa,2023-02-22T20:00:00,1.2,-2.7,-8.6,48.02,0,0,,0,0,35.3,13.9,124,1002.8,100,16,4,0,0,10,Overcast,cloudy,KSEA
seattle_wa,2023-02-22T21:00:00,0.7,-4.7,-9.6,46.26,0,0,,0,0,43.3,22.3,131,1003.2,100,16,3,0,0,10,Overcast,cloudy,72793024233
seattle_wa,2023-02-22T22:00:00,0.6,-4.6,-10.9,42.09,0,0,,0.3,0,34.2,20.6,126,1003.3,100,16,3,0,0,10,Overcast,snow,72793024233
seattle_wa,2023-02-22T23:00:00,0,-5.1,-11.5,41.53,0,0,,0,0,42.3,19.4,121,1003.5,100,16,0,,0,10,Overcast,cloudy,72793024233
seattle_wa,2023-02-23T00:00:00,-0.6,-6.2,-11.9,42.02,0,0,,0,0,36,21.4,123,1003.6,100,16,0,,0,10,Overcast,cloudy,72793024233
seattle_wa,2023-02-23T01:00:00,-1.2,-7.5,-11.4,45.76,0,0,,0,0,39.8,25.3,125,1004,100,14.5,0,,0,10,Overcast,cloudy,72793024233
seattle_wa,2023-02-23T02:00:00,-1.7,-8.6,-10.1,53,0,0,,0,0,47.5,29.3,129,1004.2,100,10.6,0,,0,10,Overcast,cloudy,KSEA
seattle_wa,2023-02-23T03:00:00,-1.6,-5.9,-9.9,53.31,0,0,,0,0,39.3,12.8,112,1004.2,100,14.4,0,,0,10,Overcast,cloudy,KSEA
seattle_wa,2023-02-23T04:00:00,-1.6,-5.9,-11.8,45.83,0,0,,0,0,36,12.7,107,1004.4,100,15.7,0,,0,10,Overcast,cloudy,KSEA
seattle_wa,2023-02-23T05:00:00,-1.7,-6.8,-12.8,42.47,0,0,,0,0,35.3,16.6,121,1004.9,100,15.7,0,,0,10,Overcast,cloudy,KSEA
seattle_wa,2023-02-23T06:00:00,-1.8,-6.2,-13.8,39.45,0,0,,0,0,33.1,13.1,122,1005.3,100,16,0,,0,10,Overcast,cloudy,KSEA
seattle_wa,2023-02-23T07:00:00,-1.8,-5.7,-13.6,40.22,0,0,,0,0,32.9,10.9,100,1005.7,100,16,0,,0,10,Overcast,cloudy,KSEA
seattle_wa,2023-02-23T08:00:00,-2.1,-7,-14,39.75,0,0,,0,0,32.6,15,123,1006.5,98.2,16,67,0.2,1,10,Overcast,cloudy,KSEA
seattle_wa,2023-02-23T09:00:00,-2.1,-7.2,-14.9,37.1,0,0,,0,0,37.1,15.8,127,1007.4,48.7,16,201,0.7,2,10,Partially cloudy,partly-cloudy-day,KSEA
seattle_wa,2023-02-23T10:00:00,-1.6,-6.5,-14.6,36.37,0,0,,0,0,44.6,15.4,130,1008.1,98.2,16,293,1.1,3,10,Overcast,cloudy,KSEA
seattle_wa,2023-02-23T11:00:00,-0.7,-3.1,-13.7,36.63,0,0,,0,0,13,6.8,41,1008.7,90.7,16,467,1.7,5,10,Overcast,cloudy,KSEA
seattle_wa,2023-02-23T12:00:00,0.8,-2.4,-13.3,34.11,0,0,,0,0,48.2,10.2,161,1009.1,88,16,536,1.9,5,10,Partially cloudy,partly-cloudy-day,KSEA
seattle_wa,2023-02-23T13:00:00,1.7,-2.3,-13.5,31.41,0,0,,0,0,48.2,15,100,1009.3,73.9,16,548,2,5,10,Partially cloudy,partly-cloudy-day,KSEA
seattle_wa,2023-02-23T14:00:00,1.8,-2.2,-13.5,31.22,0,0,,0,0,30.4,14.9,98,1009.5,50.1,16,468,1.7,5,10,Partially cloudy,partly-cloudy-day,KSEA
seattle_wa,2023-02-23T15:00:00,2.1,-1.5,-12.8,32.22,0,0,,0,0,37.1,13.3,90,1009.9,7.6,16,405,1.5,4,10,Clear,clear-day,KSEA
seattle_wa,2023-02-23T16:00:00,2,-4.4,-13.3,31.17,0,0,,0,0,288,36,5,1010.7,7.6,16,278,1,3,10,Clear,clear-day,KSEA
seattle_wa,2023-02-23T17:00:00,1.3,-2.5,-13,33.61,0,0,,0,0,31.7,13.6,100,1011.2,23.2,16,90,0.3,1,10,Partially cloudy,partly-cloudy-day,KSEA
seattle_wa,2023-02-23T18:00:00,-0.2,-4.7,-13.3,36.49,0,0,,0,0,31.7,15,123,1012.2,7.6,16,15,0.1,0,10,Clear,clear-night,KSEA
seattle_wa,2023-02-23T19:00:00,-1.1,-5.6,-13.7,37.7,0,0,,0,0,27.7,14.2,122,1013.3,3.8,16,10,0,0,10,Clear,clear-night,KSEA
seattle_wa,2023-02-23T20:00:00,-1.6,-6.6,-14.5,36.74,0,0,,0,0,35.3,16,107,1014.2,0,16,7,0,0,10,Clear,clear-night,KSEA
seattle_wa,2023-02-23T21:00:00,-2,-6.2,-14.2,38.77,0,0,,0,0,46.4,11.7,113,1015.1,0,16,6,0,0,10,Clear,clear-night,KSEA
seattle_wa,2023-02-23T22:00:00,-2.9,-5.4,-14.3,41.16,0,0,,0,0,29.5,6.1,126,1015.9,0,16,5,0,0,10,Clear,clear-night,KSEA
seattle_wa,2023-02-23T23:00:00,-2.3,-2.3,-14.3,39.33,0,0,,0,0,22.3,3.1,12,1016.8,0,16,0,,0,10,Clear,clear-night,KSEA
seattle_wa,2023-02-24T00:00:00,-2.8,-2.8,-13.1,44.91,0,0,,0,0,22.3,4.2,18,1017.4,0,16,0,,0,10,Clear,clear-night,KSEA
seattle_wa,2023-02-24T01:00:00,-3.4,-6.1,-12.8,48.03,0,0,,0,0,16.6,6.5,19,1018,0,16,0,,0,10,Clear,clear-night,KSEA
seattle_wa,2023-02-24T02:00:00,-2.9,-6.6,-13.2,45.13,0,0,,0,0,16.6,9.5,37,1018.5,0,16,0,,0,10,Clear,clear-night,KSEA
seattle_wa,2023-02-24T03:00:00,-3.2,-6.2,-13.1,46.51,0,0,,0,0,16.6,7.2,8,1018.9,0,16,0,,0,10,Clear,clear-night,KSEA
seattle_wa,2023-02-24T04:00:00,-3.5,-3.5,-12.8,48.49,0,0,,0,0,13,9.4,50,1018.5,0,16,0,,0,10,Clear,clear-night,KSEA
seattle_wa,2023-02-24T05:00:00,-4.4,-7.1,-12,55.46,0,0,,0,0,13,6.1,341,1018.8,0,16,0,,0,10,Clear,clear-night,KSEA
seattle_wa,2023-02-24T06:00:00,-3.7,-7.5,-12,52.42,0,0,,0,0,13,9.3,16,1019.5,0,16,0,,0,10,Clear,clear-night,KSEA
seattle_wa,2023-02-24T07:00:00,-3.8,-3.8,-11.9,53.39,0,0,,0,0,14.8,11.2,40,1020.4,0,16,0,,0,10,Clear,clear-day,KSEA
seattle_wa,2023-02-24T08:00:00,-3.5,-8.1,-11.9,52.18,0,0,,0,0,14.8,12.3,44,1021.1,0,16,105,0.4,1,10,Clear,clear-day,KSEA
seattle_wa,2023-02-24T09:00:00,-1.5,-4.6,-11.8,45.62,0,0,,0,0,14.8,8.2,47,1021.5,0,16,252,0.9,3,10,Clear,clear-day,KSEA
seattle_wa,2023-02-24T10:00:00,-0.4,-0.4,-11.7,42.28,0,0,,0,0,14.8,11.2,20,1021.3,0,16,382,1.4,4,10,Clear,clear-day,KSEA
seattle_wa,2023-02-24T11:00:00,0.8,-2.4,-12.5,36.39,0,0,,0,0,14.8,10,348,1021.2,0,16,533,1.9,5,10,Clear,clear-day,KSEA
seattle_wa,2023-02-24T12:00:00,1.9,-1.1,-11.8,35.67,0,0,,0,0,14.8,9.9,352,1020.9,0,16,580,2.1,6,10,Clear,clear-day,KSEA
seattle_wa,2023-02-24T13:00:00,2.5,-1.7,-9.8,40.07,0,0,,0,0,27.7,17.2,323,1020.4,3.8,16,573,2.1,6,10,Clear,clear-day,KSEA
seattle_wa,2023-02-24T14:00:00,3.1,-0.9,-9.1,40.23,0,0,,0,0,27.7,17.4,321,1019.9,3.8,16,510,1.8,5,10,Clear,clear-day,KSEA
seattle_wa,2023-02-24T15:00:00,3.3,-0.1,-8.2,42.76,0,0,,0,0,20.5,13.6,333,1019.8,3.8,16,396,1.4,4,10,Clear,clear-day,KSEA
seattle_wa,2023-02-24T16:00:00,3.1,-0.5,-7.8,44.53,0,0,,0,0,31.7,15,325,1019.7,7.6,16,239,0.9,2,10,Clear,clear-day,KSEA
seattle_wa,2023-02-24T17:00:00,2.5,-1.4,-7.4,48.03,0,0,,0,0,14.8,15.4,325,1019.1,7.6,16,69,0.2,1,10,Clear,clear-day,KSEA
seattle_wa,2023-02-24T18:00:00,1.7,-2.2,-7.7,49.75,0,0,,0,0,14.8,14.2,330,1019.1,44.5,16,9,0,0,10,Partially cloudy,partly-cloudy-night,KSEA
seattle_wa,2023-02-24T19:00:00,0.7,-2.8,-7,56.29,0,0,,0,0,11.2,11.3,344,1019.9,7.6,16,6,0,0,10,Clear,clear-night,KSEA
seattle_wa,2023-02-24T20:00:00,0.1,-1.7,-7.7,56,0,0,,0,0,11.2,5.4,6,1020,0,16,5,0,0,10,Clear,clear-night,KSEA
seattle_wa,2023-02-24T21:00:00,-0.4,-0.4,-8.9,52.75,0,0,,0,0,11.2,3.7,4,1020.3,0,16,4,0,0,10,Clear,clear-night,KSEA
seattle_wa,2023-02-24T22:00:00,-0.9,-0.9,-8.6,56,0,0,,0,0,7.6,5.4,50,1020.8,7.6,16,3,0,0,10,Clear,clear-night,KSEA
seattle_wa,2023-02-24T23:00:00,-1.6,-3.7,-8.8,58.12,0,0,,0,0,7.6,5.7,2,1020.6,7.6,16,0,,0,10,Clear,clear-night,KSEA
